Date,Symbol,Open,High,Low,Close,Adj Close,Volume
2017-10-09 ,RKEC.NS,54,54,54,54,49.1339645385742,177000
2017-10-10 ,RKEC.NS,64.8000030517578,64.8000030517578,64.8000030517578,64.8000030517578,58.9607543945313,243000
2017-10-11 ,RKEC.NS,75.8000030517578,77.75,72.4000015258789,77.75,70.7437973022461,3471000
2017-10-12 ,RKEC.NS,85.3000030517578,85.5,85.3000030517578,85.5,77.7954406738281,348000
2017-10-13 ,RKEC.NS,93.8000030517578,94.0500030517578,89.1500015258789,94.0500030517578,85.5749893188477,1923000
2017-10-16 ,RKEC.NS,103.449996948242,103.449996948242,99.3000030517578,103.449996948242,94.1279296875,243000
2017-10-17 ,RKEC.NS,108.599998474121,108.599998474121,100.5,108.599998474121,98.8138427734375,783000
2017-10-18 ,RKEC.NS,114,114,110.150001525879,114,103.727256774902,588000
2017-10-19 ,RKEC.NS,118.75,118.800003051758,108.300003051758,109.599998474121,99.7237396240234,237000
2017-10-23 ,RKEC.NS,111.400001525879,113.949996948242,104.849998474121,104.949996948242,95.4927520751953,330000
2017-10-24 ,RKEC.NS,106,107.5,99.75,102.349998474121,93.1270523071289,378000
2017-10-25 ,RKEC.NS,105,107.449996948242,105,105.949996948242,96.4026489257813,246000
2017-10-26 ,RKEC.NS,107.5,111.199996948242,107.099998474121,111.199996948242,101.179557800293,153000
2017-10-27 ,RKEC.NS,116.75,116.75,115.5,116.75,106.229438781738,66000
2017-10-30 ,RKEC.NS,122.550003051758,122.550003051758,122.550003051758,122.550003051758,111.506797790527,54000
2017-10-31 ,RKEC.NS,128.649993896484,128.649993896484,128.649993896484,128.649993896484,117.057106018066,21000
2017-11-01 ,RKEC.NS,135.050003051758,135.050003051758,135.050003051758,135.050003051758,122.880401611328,36000
2017-11-02 ,RKEC.NS,141.800003051758,141.800003051758,141.800003051758,141.800003051758,129.02214050293,27000
2017-11-03 ,RKEC.NS,148,148.850006103516,136,148.850006103516,135.436859130859,690000
2017-11-06 ,RKEC.NS,149,149,141.449996948242,141.449996948242,128.703674316406,108000
2017-11-07 ,RKEC.NS,136,139.5,134.399993896484,134.399993896484,122.288955688477,144000
2017-11-08 ,RKEC.NS,134,141,130,136,123.744781494141,186000
2017-11-09 ,RKEC.NS,136.100006103516,136.100006103516,129.199996948242,132.699996948242,120.742149353027,54000
2017-11-10 ,RKEC.NS,132.199996948242,134.050003051758,129,131,119.195343017578,45000
2017-11-13 ,RKEC.NS,125.050003051758,133.449996948242,125.050003051758,129.600006103516,117.921508789063,33000
2017-11-14 ,RKEC.NS,136.050003051758,136.050003051758,136.050003051758,136.050003051758,123.79029083252,18000
2017-11-15 ,RKEC.NS,141.899993896484,142.850006103516,135.649993896484,139.699996948242,127.111373901367,417000
2017-11-16 ,RKEC.NS,139.449996948242,142.300003051758,134.100006103516,140.300003051758,127.65731048584,93000
2017-11-17 ,RKEC.NS,140.800003051758,142,136.25,136.25,123.97225189209,60000
2017-11-20 ,RKEC.NS,136.5,142.850006103516,136.5,141.350006103516,128.612701416016,81000
2017-11-21 ,RKEC.NS,142.5,142.850006103516,137.600006103516,140.149993896484,127.52082824707,48000
2017-11-22 ,RKEC.NS,143.899993896484,144.199996948242,140.300003051758,142.399993896484,130.499206542969,123000
2017-11-23 ,RKEC.NS,140,140,136,137.800003051758,126.283638000488,60000
2017-11-24 ,RKEC.NS,135.300003051758,135.300003051758,131.149993896484,132.899993896484,121.793151855469,45000
2017-11-27 ,RKEC.NS,139.399993896484,139.399993896484,136.050003051758,137,125.550498962402,45000
2017-11-28 ,RKEC.NS,133,136.899993896484,130.149993896484,130.850006103516,119.914482116699,63000
2017-11-29 ,RKEC.NS,129,135,128,132,120.968368530273,24000
2017-11-30 ,RKEC.NS,133,134,133,133.449996948242,122.297180175781,15000
2017-12-01 ,RKEC.NS,130.550003051758,130.550003051758,126.800003051758,126.949996948242,116.34041595459,108000
2017-12-04 ,RKEC.NS,122,127.5,122,123.949996948242,113.591133117676,135000
2017-12-05 ,RKEC.NS,127,130.100006103516,127,128.949996948242,118.173271179199,51000
2017-12-06 ,RKEC.NS,130,135.25,127.400001525879,127.400001525879,116.752807617188,72000
2017-12-07 ,RKEC.NS,127,135,127,133,121.884796142578,45000
2017-12-08 ,RKEC.NS,136,137.949996948242,133,133,121.884796142578,33000
2017-12-11 ,RKEC.NS,142.5,142.5,130,130.100006103516,119.227165222168,27000
2017-12-12 ,RKEC.NS,134.75,134.75,128,128,117.302658081055,21000
2017-12-13 ,RKEC.NS,132.899993896484,135,129,131,120.051940917969,24000
2017-12-14 ,RKEC.NS,128,130,126.099998474121,127.75,117.073554992676,39000
2017-12-15 ,RKEC.NS,127,127,125,126.75,116.157127380371,27000
2017-12-18 ,RKEC.NS,127,131,124.5,127.400001525879,116.752807617188,66000
2017-12-19 ,RKEC.NS,126,129,125.599998474121,126,115.46981048584,18000
2017-12-20 ,RKEC.NS,132.800003051758,132.800003051758,123.5,124.699996948242,114.278450012207,60000
2017-12-21 ,RKEC.NS,125.099998474121,128.699996948242,122.5,124.349998474121,113.957702636719,69000
2017-12-22 ,RKEC.NS,127,136.75,127,136.75,125.321395874023,159000
2017-12-26 ,RKEC.NS,147,150.399993896484,145,150.399993896484,137.830612182617,57000
2017-12-27 ,RKEC.NS,160.399993896484,165.399993896484,160,161.350006103516,147.865524291992,354000
2017-12-28 ,RKEC.NS,153.399993896484,167.050003051758,153.300003051758,167,153.043304443359,153000
2017-12-29 ,RKEC.NS,168.5,175,168.5,174.050003051758,159.504135131836,138000
2018-01-01 ,RKEC.NS,179.5,180,173.899993896484,174.199996948242,159.6416015625,102000
2018-01-02 ,RKEC.NS,182.600006103516,182.899993896484,165.5,166.699996948242,152.76838684082,135000
2018-01-03 ,RKEC.NS,168,168,162.5,162.5,148.919403076172,24000
2018-01-04 ,RKEC.NS,167.949996948242,168.949996948242,165,166.949996948242,152.997497558594,36000
2018-01-05 ,RKEC.NS,165,170,163.100006103516,168.100006103516,154.051406860352,45000
2018-01-08 ,RKEC.NS,170,174,169,170.399993896484,156.159149169922,63000
2018-01-09 ,RKEC.NS,164.899993896484,164.899993896484,162.100006103516,164,150.294021606445,12000
2018-01-10 ,RKEC.NS,164.050003051758,164.050003051758,159.149993896484,159.550003051758,146.215927124023,21000
2018-01-11 ,RKEC.NS,160,167.5,160,163,149.37760925293,42000
2018-01-12 ,RKEC.NS,162,164.899993896484,158,160,146.628326416016,15000
2018-01-15 ,RKEC.NS,160,160.5,160,160.5,147.086547851563,6000
2018-01-16 ,RKEC.NS,156.300003051758,158,152.5,158,144.795471191406,33000
2018-01-17 ,RKEC.NS,155,160,150.100006103516,154.550003051758,141.633804321289,39000
2018-01-18 ,RKEC.NS,153.100006103516,154,150.5,151.199996948242,138.563751220703,21000
2018-01-19 ,RKEC.NS,155,158.75,155,156.300003051758,143.237548828125,36000
2018-01-22 ,RKEC.NS,157.75,158,157,157,143.879043579102,12000
2018-01-23 ,RKEC.NS,159,159,159,159,145.711898803711,3000
2018-01-24 ,RKEC.NS,153.5,155,152.699996948242,155,142.046203613281,18000
2018-01-25 ,RKEC.NS,155.899993896484,156,148,148.149993896484,135.768661499023,57000
2018-01-29 ,RKEC.NS,145,145,141.550003051758,144.5,132.423690795898,12000
2018-01-30 ,RKEC.NS,139.050003051758,142,139.050003051758,139.100006103516,127.475006103516,12000
2018-01-31 ,RKEC.NS,136,136,136,136,124.634078979492,6000
2018-02-01 ,RKEC.NS,140,142.800003051758,133,142.800003051758,130.865783691406,48000
2018-02-02 ,RKEC.NS,148.449996948242,148.449996948242,135.699996948242,135.699996948242,124.359153747559,102000
2018-02-05 ,RKEC.NS,128.949996948242,137.699996948242,128.949996948242,133,121.884796142578,81000
2018-02-06 ,RKEC.NS,130.100006103516,131,126.349998474121,127.199996948242,116.569519042969,99000
2018-02-07 ,RKEC.NS,132,132,127.5,129.100006103516,118.310745239258,51000
2018-02-08 ,RKEC.NS,136,136,129,129,118.219085693359,18000
2018-02-09 ,RKEC.NS,126,126.099998474121,126,126.099998474121,115.561454772949,6000
2018-02-12 ,RKEC.NS,134,138.699996948242,126.5,138.699996948242,127.108428955078,54000
2018-02-14 ,RKEC.NS,148.949996948242,152.550003051758,146,150.100006103516,137.555694580078,81000
2018-02-15 ,RKEC.NS,151,151,147,147,134.714767456055,42000
2018-02-16 ,RKEC.NS,142.100006103516,142.100006103516,138.550003051758,139.25,127.612464904785,12000
2018-02-19 ,RKEC.NS,135,137,130,135,123.717651367188,18000
2018-02-20 ,RKEC.NS,131,131,131,131,120.051940917969,3000
2018-02-21 ,RKEC.NS,134.699996948242,135,134.699996948242,135,123.717651367188,6000
2018-02-22 ,RKEC.NS,132,133.949996948242,131.050003051758,133.949996948242,122.755401611328,9000
2018-02-23 ,RKEC.NS,136,136,136,136,124.634078979492,9000
2018-02-26 ,RKEC.NS,123,137.949996948242,123,133.100006103516,121.976448059082,18000
2018-02-27 ,RKEC.NS,135,135,135,135,123.717651367188,9000
2018-02-28 ,RKEC.NS,134,134,134,134,122.801223754883,3000
2018-03-01 ,RKEC.NS,134,134,134,134,122.801223754883,0
2018-03-05 ,RKEC.NS,131.5,134,131.5,134,122.801223754883,18000
2018-03-06 ,RKEC.NS,134,134,126.150001525879,129,118.219085693359,27000
2018-03-07 ,RKEC.NS,127.099998474121,127.099998474121,125,125,114.553382873535,15000
2018-03-08 ,RKEC.NS,123.099998474121,125,123.099998474121,125,114.553382873535,9000
2018-03-09 ,RKEC.NS,116,123.099998474121,116,123,112.720520019531,12000
2018-03-12 ,RKEC.NS,124.099998474121,125,124.099998474121,125,114.553382873535,6000
2018-03-13 ,RKEC.NS,125,127,112.5,114.550003051758,104.976722717285,78000
2018-03-14 ,RKEC.NS,119,119.949996948242,112,116.400001525879,106.672111511231,69000
2018-03-15 ,RKEC.NS,119,119,113.5,117.150001525879,107.359428405762,36000
2018-03-16 ,RKEC.NS,114,127.949996948242,114,123,112.720520019531,84000
2018-03-19 ,RKEC.NS,116.75,116.75,116.75,116.75,106.992858886719,9000
2018-03-20 ,RKEC.NS,115.5,119,111,116.5,106.763748168945,21000
2018-03-21 ,RKEC.NS,119.949996948242,122,118.099998474121,121.5,111.345878601074,18000
2018-03-22 ,RKEC.NS,111.5,133.649993896484,111.5,133.649993896484,122.48046875,156000
2018-03-23 ,RKEC.NS,147,147,132,136.649993896484,125.229759216309,93000
2018-03-26 ,RKEC.NS,135,139,129,130.350006103516,119.456275939941,33000
2018-03-27 ,RKEC.NS,132.5,132.600006103516,126.25,130.899993896484,119.960304260254,24000
2018-03-28 ,RKEC.NS,130,132.199996948242,127,129,118.219085693359,33000
2018-04-02 ,RKEC.NS,130,130,130,130,119.135513305664,3000
2018-04-03 ,RKEC.NS,130,131,127.099998474121,127.150001525879,116.523704528809,12000
2018-04-04 ,RKEC.NS,128.5,128.5,125,125,114.553382873535,24000
2018-04-05 ,RKEC.NS,125,125,125,125,114.553382873535,0
2018-04-06 ,RKEC.NS,127,127,126,126,115.46981048584,9000
2018-04-09 ,RKEC.NS,126,126,126,126,115.46981048584,0
2018-04-10 ,RKEC.NS,133,133,133,133,121.884796142578,6000
2018-04-11 ,RKEC.NS,139,139,132,132,120.968368530273,12000
2018-04-12 ,RKEC.NS,132,132,132,132,120.968368530273,0
2018-04-13 ,RKEC.NS,126.25,131.949996948242,126.099998474121,131.949996948242,120.922546386719,12000
2018-04-16 ,RKEC.NS,127.099998474121,128.899993896484,127,128.899993896484,118.12744140625,12000
2018-04-17 ,RKEC.NS,130,130,130,130,119.135513305664,3000
2018-04-18 ,RKEC.NS,125.099998474121,125.099998474121,123,124,113.636955261231,93000
2018-04-19 ,RKEC.NS,124,124,124,124,113.636955261231,0
2018-04-20 ,RKEC.NS,125,125,125,125,114.553382873535,3000
2018-04-23 ,RKEC.NS,126,126,125,126,115.46981048584,30000
2018-04-24 ,RKEC.NS,125,125,125,125,114.553382873535,24000
2018-04-25 ,RKEC.NS,127,127,125,125,114.553382873535,30000
2018-04-26 ,RKEC.NS,123.050003051758,123.050003051758,123,123,112.720520019531,6000
2018-04-27 ,RKEC.NS,123,123,123,123,112.720520019531,15000
2018-04-30 ,RKEC.NS,122,126.400001525879,122,125,114.553382873535,45000
2018-05-02 ,RKEC.NS,126.75,133,126.75,131.5,120.510154724121,12000
2018-05-03 ,RKEC.NS,131.5,131.5,131.5,131.5,120.510154724121,0
2018-05-04 ,RKEC.NS,135.449996948242,135.449996948242,135.449996948242,135.449996948242,124.130043029785,3000
2018-05-07 ,RKEC.NS,136,136,130,132,120.968368530273,27000
2018-05-08 ,RKEC.NS,131,131,130,130,119.135513305664,15000
2018-05-09 ,RKEC.NS,131.949996948242,131.949996948242,130,131,120.051940917969,5000
2018-05-10 ,RKEC.NS,129,129,124,124,113.636955261231,10000
2018-05-11 ,RKEC.NS,121,127,121,127,116.386238098145,2000
2018-05-14 ,RKEC.NS,123,125,123,125,114.553382873535,3000
2018-05-15 ,RKEC.NS,116.599998474121,124,116.550003051758,118.650001525879,108.734069824219,19000
2018-05-16 ,RKEC.NS,124,124,124,124,113.636955261231,2000
2018-05-17 ,RKEC.NS,123,124,123,124,113.636955261231,5000
2018-05-18 ,RKEC.NS,119,121.949996948242,119,121.949996948242,111.758277893066,2000
2018-05-21 ,RKEC.NS,127,127,122,122,111.804100036621,3000
2018-05-22 ,RKEC.NS,122,122,122,122,111.804100036621,0
2018-05-23 ,RKEC.NS,120,120,120,120,109.971244812012,1000
2018-05-24 ,RKEC.NS,116,120,105,117.75,107.909286499023,43000
2018-05-25 ,RKEC.NS,117,117,113.050003051758,114.900001525879,105.297470092773,4000
2018-05-28 ,RKEC.NS,120,120,120,120,109.971244812012,1000
2018-05-29 ,RKEC.NS,118,118,115,117.75,107.909286499023,6000
2018-05-30 ,RKEC.NS,114,114,112,112,102.639831542969,4000
2018-05-31 ,RKEC.NS,106.199996948242,108.5,100,104.25,95.5375213623047,55000
2018-06-01 ,RKEC.NS,105.949996948242,105.949996948242,93,95.3499984741211,87.3813095092774,50000
2018-06-04 ,RKEC.NS,93.0500030517578,97,80,92.4000015258789,84.6778564453125,38000
2018-06-05 ,RKEC.NS,94,94,85,88.5,81.1037979125977,11000
2018-06-06 ,RKEC.NS,88,89.8000030517578,84.1999969482422,88,80.6455764770508,14000
2018-06-07 ,RKEC.NS,88,100.449996948242,88,99.5,91.1844863891602,42000
2018-06-08 ,RKEC.NS,100,107,100,106.099998474121,97.23291015625,17000
2018-06-11 ,RKEC.NS,105,105,95.5,100.75,92.3300170898438,19000
2018-06-12 ,RKEC.NS,100.75,105,100.050003051758,100.050003051758,91.6885299682617,8000
2018-06-13 ,RKEC.NS,100.949996948242,100.949996948242,99,99.5999984741211,91.2761383056641,11000
2018-06-14 ,RKEC.NS,98,98,97,97.1500015258789,89.0308837890625,6000
2018-06-15 ,RKEC.NS,97.1500015258789,97.1500015258789,97.1500015258789,97.1500015258789,89.0308837890625,0
2018-06-18 ,RKEC.NS,97.1500015258789,97.1500015258789,97.1500015258789,97.1500015258789,89.0308837890625,0
2018-06-19 ,RKEC.NS,92,92.9000015258789,90.1500015258789,92.9000015258789,85.1360778808594,4000
2018-06-20 ,RKEC.NS,93,93,92.9499969482422,92.9499969482422,85.1818923950195,3000
2018-06-21 ,RKEC.NS,90.0999984741211,90.5,86.25,90.5,82.9366455078125,7000
2018-06-22 ,RKEC.NS,92.9000015258789,92.9000015258789,90,90,82.4784317016602,2000
2018-06-25 ,RKEC.NS,93,93,90,90,82.4784317016602,2000
2018-06-26 ,RKEC.NS,90,91,86,90.6500015258789,83.0741119384766,8000
2018-06-27 ,RKEC.NS,89.3000030517578,92,88,88,80.6455764770508,6000
2018-06-28 ,RKEC.NS,89.8000030517578,95,86.5,92.0999984741211,84.4029312133789,29000
2018-06-29 ,RKEC.NS,92,96,92,96,87.9770050048828,4000
2018-07-02 ,RKEC.NS,95,96.0999984741211,91,91.3499984741211,83.7156066894531,13000
2018-07-03 ,RKEC.NS,91.3499984741211,91.3499984741211,91.3499984741211,91.3499984741211,83.7156066894531,0
2018-07-04 ,RKEC.NS,88.0500030517578,90,87.0999984741211,88.25,80.8746871948242,9000
2018-07-05 ,RKEC.NS,88,88,87,87,79.7291488647461,9000
2018-07-06 ,RKEC.NS,88.5,92.3499984741211,87.1999969482422,89.9499969482422,82.4326095581055,12000
2018-07-09 ,RKEC.NS,89.9499969482422,89.9499969482422,89.9499969482422,89.9499969482422,82.4326095581055,0
2018-07-10 ,RKEC.NS,89.9499969482422,89.9499969482422,89.9499969482422,89.9499969482422,82.4326095581055,0
2018-07-11 ,RKEC.NS,89,90.0999984741211,88,88,80.6455764770508,7000
2018-07-12 ,RKEC.NS,90,90.9499969482422,86,86,78.8127288818359,23000
2018-07-13 ,RKEC.NS,84.5,91.9000015258789,84.5,87,79.7291488647461,6000
2018-07-16 ,RKEC.NS,86,91,86,87,79.7291488647461,19000
2018-07-17 ,RKEC.NS,87,87,87,87,79.7291488647461,0
2018-07-18 ,RKEC.NS,86,86,86,86,78.8127288818359,4000
2018-07-19 ,RKEC.NS,86,86,82,82,75.1470108032227,21000
2018-07-20 ,RKEC.NS,82,82,82,82,75.1470108032227,5000
2018-07-23 ,RKEC.NS,79.0500030517578,83,78.5,83,76.0634384155273,8000
2018-07-24 ,RKEC.NS,85.9499969482422,92,85.9499969482422,89,81.5620040893555,14000
2018-07-25 ,RKEC.NS,90,90,87,88,80.6455764770508,9000
2018-07-26 ,RKEC.NS,88,88,88,88,80.6455764770508,0
2018-07-27 ,RKEC.NS,89,89.9000015258789,89,89.9000015258789,82.3867874145508,4000
2018-07-30 ,RKEC.NS,90,90,88,88,80.6455764770508,9000
2018-07-31 ,RKEC.NS,88,92,88,91.5999984741211,83.9447174072266,10000
2018-08-01 ,RKEC.NS,93,104,91.5,102.25,93.7046661376953,21000
2018-08-02 ,RKEC.NS,104,110,102,108.099998474121,99.0657653808594,36000
2018-08-03 ,RKEC.NS,108,108,100,102,93.4755554199219,8000
2018-08-06 ,RKEC.NS,101.199996948242,102.25,101.199996948242,102.099998474121,93.5671997070313,11000
2018-08-07 ,RKEC.NS,101,101,98,98,89.8098526000977,3000
2018-08-08 ,RKEC.NS,98,98,98,98,89.8098526000977,0
2018-08-09 ,RKEC.NS,99,99.9499969482422,99,99.4499969482422,91.138671875,6000
2018-08-10 ,RKEC.NS,97.5,97.5,97.5,97.5,89.3516387939453,1000
2018-08-13 ,RKEC.NS,97.5,97.5,97.5,97.5,89.3516387939453,0
2018-08-14 ,RKEC.NS,100,100,98,100,91.642707824707,13000
2018-08-16 ,RKEC.NS,100,100,100,100,91.642707824707,0
2018-08-17 ,RKEC.NS,100,100,100,100,91.642707824707,5000
2018-08-20 ,RKEC.NS,100,100,100,100,91.642707824707,0
2018-08-21 ,RKEC.NS,94.5500030517578,94.5500030517578,80,90.6999969482422,83.1199340820313,37000
2018-08-23 ,RKEC.NS,96,100,96,99.9499969482422,91.5968780517578,12000
2018-08-24 ,RKEC.NS,101.900001525879,101.900001525879,101.900001525879,101.900001525879,93.383918762207,1000
2018-08-27 ,RKEC.NS,101.900001525879,101.900001525879,101.900001525879,101.900001525879,93.383918762207,0
2018-08-28 ,RKEC.NS,97,97,97,97,88.893424987793,5000
2018-08-29 ,RKEC.NS,97,97,97,97,88.893424987793,2000
2018-08-30 ,RKEC.NS,99.8000030517578,100,97,99,90.7262802124023,7000
2018-08-31 ,RKEC.NS,99.9499969482422,99.9499969482422,99.5,99.75,91.4135971069336,8000
2018-09-03 ,RKEC.NS,99.75,99.75,99.75,99.75,91.4135971069336,0
2018-09-04 ,RKEC.NS,99.75,99.75,99.75,99.75,91.4135971069336,0
2018-09-05 ,RKEC.NS,93,95,93,95,87.0605773925781,2000
2018-09-06 ,RKEC.NS,95,95,95,95,87.0605773925781,0
2018-09-07 ,RKEC.NS,93,95,92,95,87.0605773925781,6000
2018-09-10 ,RKEC.NS,92,92,90,90,82.4784317016602,8000
2018-09-11 ,RKEC.NS,88.25,88.25,88.25,88.25,80.8746871948242,1000
2018-09-12 ,RKEC.NS,85.0500030517578,86,84.5,86,78.8127288818359,4000
2018-09-14 ,RKEC.NS,86,89,86,89,81.5620040893555,3000
2018-09-17 ,RKEC.NS,89,89,89,89,81.5620040893555,0
2018-09-18 ,RKEC.NS,89,89,89,89,82.4888458251953,0
2018-09-19 ,RKEC.NS,83,83,83,83,76.9277954101563,1000
2018-09-21 ,RKEC.NS,81.3000030517578,81.3000030517578,70,78.75,72.9887313842773,18000
2018-09-24 ,RKEC.NS,78.75,78.75,78.75,78.75,72.9887313842773,0
2018-09-25 ,RKEC.NS,74,79,74,79,73.2204360961914,3000
2018-09-26 ,RKEC.NS,74,74,73,73,67.6593856811523,3000
2018-09-27 ,RKEC.NS,70,70,64.9499969482422,64.9499969482422,60.1983184814453,11000
2018-09-28 ,RKEC.NS,60.5,69,60.5,69,63.9520263671875,15000
2018-10-01 ,RKEC.NS,67.9000015258789,68.5,67.5,68.5,63.4886093139648,5000
2018-10-03 ,RKEC.NS,67.8000030517578,71,67.8000030517578,70.25,65.1105804443359,6000
2018-10-04 ,RKEC.NS,70.25,70.25,70.25,70.25,65.1105804443359,0
2018-10-05 ,RKEC.NS,72,72,67,68.0500030517578,63.0715293884277,12000
2018-10-08 ,RKEC.NS,63.0999984741211,65.9499969482422,61.5,65.9000015258789,61.0788230895996,10000
2018-10-09 ,RKEC.NS,60.2999992370606,60.2999992370606,60,60.2000007629395,55.795825958252,5000
2018-10-10 ,RKEC.NS,61.9000015258789,63.0499992370605,61.9000015258789,63.0499992370605,58.4373245239258,4000
2018-10-11 ,RKEC.NS,63.0499992370605,63.0499992370605,63.0499992370605,63.0499992370605,58.4373245239258,0
2018-10-12 ,RKEC.NS,68.9000015258789,69,60.0999984741211,64.9000015258789,60.1519813537598,13000
2018-10-15 ,RKEC.NS,64.9000015258789,64.9000015258789,64.9000015258789,64.9000015258789,60.1519813537598,0
2018-10-16 ,RKEC.NS,67,67,67,67,62.0983467102051,1000
2018-10-17 ,RKEC.NS,70.9000015258789,70.9000015258789,68,68,63.0251884460449,6000
2018-10-19 ,RKEC.NS,68,68,68,68,63.0251884460449,0
2018-10-22 ,RKEC.NS,66,67,64,64.0999984741211,59.4105072021484,5000
2018-10-23 ,RKEC.NS,63.5,63.5,60.0999984741211,60.0999984741211,55.7031440734863,11000
2018-10-24 ,RKEC.NS,60.0999984741211,60.0999984741211,60.0999984741211,60.0999984741211,55.7031440734863,0
2018-10-25 ,RKEC.NS,60.0999984741211,60.0999984741211,60.0999984741211,60.0999984741211,55.7031440734863,0
2018-10-26 ,RKEC.NS,60.0999984741211,60.0999984741211,60.0999984741211,60.0999984741211,55.7031440734863,0
2018-10-29 ,RKEC.NS,61.9000015258789,63,61.9000015258789,63,58.390983581543,3000
2018-10-30 ,RKEC.NS,66,66.0999984741211,66,66.0999984741211,61.2641868591309,2000
2018-10-31 ,RKEC.NS,66.0999984741211,66.0999984741211,66.0999984741211,66.0999984741211,61.2641868591309,0
2018-11-01 ,RKEC.NS,66.0999984741211,66.0999984741211,66.0999984741211,66.0999984741211,61.2641868591309,0
2018-11-02 ,RKEC.NS,69,73.5,68,68.3000030517578,63.3032417297363,7000
2018-11-05 ,RKEC.NS,67,67,63,64.8499984741211,60.1056365966797,7000
2018-11-06 ,RKEC.NS,66.6999969482422,73,66.6999969482422,72.75,67.4276809692383,5000
2018-11-07 ,RKEC.NS,82,82,73,73,67.6593856811523,4000
2018-11-09 ,RKEC.NS,73,73,73,73,67.6593856811523,0
2018-11-12 ,RKEC.NS,66,67,64,64,59.3178215026856,4000
2018-11-13 ,RKEC.NS,67.5,67.5,65,65,60.2446632385254,4000
2018-11-14 ,RKEC.NS,63.0499992370605,64,63,64,59.3178215026856,6000
2018-11-15 ,RKEC.NS,65.5,65.5,65.5,65.5,60.7080841064453,8000
2018-11-16 ,RKEC.NS,65,65,65,65,60.2446632385254,15000
2018-11-19 ,RKEC.NS,65,65,64,65,60.2446632385254,8000
2018-11-20 ,RKEC.NS,65,65,64,64.5500030517578,59.8275909423828,12000
2018-11-21 ,RKEC.NS,64,65,63.75,65,60.2446632385254,19000
2018-11-22 ,RKEC.NS,65,65,65,65,60.2446632385254,8000
2018-11-26 ,RKEC.NS,67.9000015258789,68.0999984741211,64.0999984741211,68,63.0251884460449,17000
2018-11-27 ,RKEC.NS,68,68,68,68,63.0251884460449,0
2018-11-28 ,RKEC.NS,65,65,65,65,60.2446632385254,6000
2018-11-29 ,RKEC.NS,65,65,65,65,60.2446632385254,5000
2018-11-30 ,RKEC.NS,65,65,65,65,60.2446632385254,0
2018-12-03 ,RKEC.NS,65,65,65,65,60.2446632385254,5000
2018-12-04 ,RKEC.NS,63.0999984741211,63.5499992370606,63,63.5,58.8544044494629,63000
2018-12-05 ,RKEC.NS,62.0999984741211,62.0999984741211,62.0999984741211,62.0999984741211,57.5568237304688,1000
2018-12-06 ,RKEC.NS,62.0999984741211,62.0999984741211,62.0999984741211,62.0999984741211,57.5568237304688,0
2018-12-07 ,RKEC.NS,62.5,62.5,60,61.5,57.0007171630859,4000
2018-12-10 ,RKEC.NS,61.5,61.5,61.5,61.5,57.0007171630859,0
2018-12-11 ,RKEC.NS,61.5,61.5,61.5,61.5,57.0007171630859,0
2018-12-12 ,RKEC.NS,64.9499969482422,64.9499969482422,64.9499969482422,64.9499969482422,60.1983184814453,1000
2018-12-13 ,RKEC.NS,63.9000015258789,63.9000015258789,61.0999984741211,61.8499984741211,57.3251113891602,4000
2018-12-14 ,RKEC.NS,61.5999984741211,61.5999984741211,61.2999992370605,61.2999992370605,56.8153495788574,4000
2018-12-17 ,RKEC.NS,61.2999992370605,61.2999992370605,61.2999992370605,61.2999992370605,56.8153495788574,0
2018-12-18 ,RKEC.NS,60.0999984741211,64,60.0499992370605,64,59.3178215026856,4000
2018-12-19 ,RKEC.NS,61.5999984741211,63.7999992370605,61.5999984741211,63.5,58.8544044494629,7000
2018-12-20 ,RKEC.NS,64.9499969482422,66.75,64.9499969482422,65.5,60.7080841064453,15000
2018-12-21 ,RKEC.NS,65,66,65,65.4000015258789,60.6154022216797,12000
2018-12-24 ,RKEC.NS,64,64,60.0999984741211,60.0999984741211,55.7031440734863,9000
2018-12-26 ,RKEC.NS,62.7000007629395,62.7000007629395,62.7000007629395,62.7000007629395,58.1129302978516,2000
2018-12-27 ,RKEC.NS,61.5999984741211,61.5999984741211,61.5,61.5499992370606,57.047061920166,2000
2018-12-28 ,RKEC.NS,58.25,60.2999992370606,58,59.9500007629395,55.5641174316406,64000
2018-12-31 ,RKEC.NS,59.9500007629395,59.9500007629395,59.9500007629395,59.9500007629395,55.5641174316406,1000
2019-01-01 ,RKEC.NS,59.9500007629395,59.9500007629395,59.9500007629395,59.9500007629395,55.5641174316406,0
2019-01-02 ,RKEC.NS,58.2999992370606,58.2999992370606,58.2999992370606,58.2999992370606,54.0348320007324,1000
2019-01-03 ,RKEC.NS,58.2999992370606,58.2999992370606,58.2999992370606,58.2999992370606,54.0348320007324,0
2019-01-04 ,RKEC.NS,60.9500007629395,61,60.9500007629395,61,56.5373001098633,2000
2019-01-07 ,RKEC.NS,57.7000007629395,57.7000007629395,57.7000007629395,57.7000007629395,53.4787254333496,1000
2019-01-08 ,RKEC.NS,57.7000007629395,57.7000007629395,57.7000007629395,57.7000007629395,53.4787254333496,0
2019-01-09 ,RKEC.NS,57.7000007629395,57.7000007629395,57.7000007629395,57.7000007629395,53.4787254333496,0
2019-01-10 ,RKEC.NS,57.7000007629395,57.7000007629395,57.7000007629395,57.7000007629395,53.4787254333496,0
2019-01-11 ,RKEC.NS,57.7000007629395,57.7000007629395,57.7000007629395,57.7000007629395,53.4787254333496,0
2019-01-14 ,RKEC.NS,57.7000007629395,57.7000007629395,57.7000007629395,57.7000007629395,53.4787254333496,0
2019-01-15 ,RKEC.NS,57.7000007629395,57.7000007629395,57.7000007629395,57.7000007629395,53.4787254333496,0
2019-01-16 ,RKEC.NS,57.7000007629395,57.7000007629395,57.7000007629395,57.7000007629395,53.4787254333496,0
2019-01-17 ,RKEC.NS,59,59,57,59,54.6836166381836,4000
2019-01-18 ,RKEC.NS,57,57,57,57,52.8299369812012,3000
2019-01-21 ,RKEC.NS,57,57,57,57,52.8299369812012,0
2019-01-22 ,RKEC.NS,59,59,57,57,52.8299369812012,2000
2019-01-23 ,RKEC.NS,55,55,48.5,51.7000007629395,47.9176826477051,10000
2019-01-24 ,RKEC.NS,51.2000007629395,51.2000007629395,51,51.0999984741211,47.361572265625,5000
2019-01-25 ,RKEC.NS,52.0499992370606,52.0499992370606,52.0499992370606,52.0499992370606,48.242073059082,1000
2019-01-28 ,RKEC.NS,50,53.9500007629395,47.0999984741211,53.9500007629395,50.0030708312988,7000
2019-01-29 ,RKEC.NS,47.0999984741211,54,47.0999984741211,54,50.0494117736816,3000
2019-01-30 ,RKEC.NS,53,64,52.5,64,59.3178215026856,9000
2019-01-31 ,RKEC.NS,57,61.8499984741211,57,61.4500007629395,56.9543800354004,7000
2019-02-01 ,RKEC.NS,60,62.9500007629395,60,62.9500007629395,58.3446426391602,6000
2019-02-04 ,RKEC.NS,59,60.5,59,60.5,56.0738792419434,2000
2019-02-05 ,RKEC.NS,56,60.7999992370606,56,60.7999992370606,56.3519325256348,22000
2019-02-06 ,RKEC.NS,60.7999992370606,60.7999992370606,60.7999992370606,60.7999992370606,56.3519325256348,0
2019-02-07 ,RKEC.NS,60.7999992370606,60.7999992370606,60.7999992370606,60.7999992370606,56.3519325256348,0
2019-02-08 ,RKEC.NS,60.7999992370606,60.7999992370606,60.7999992370606,60.7999992370606,56.3519325256348,0
2019-02-11 ,RKEC.NS,60.7999992370606,60.7999992370606,60.7999992370606,60.7999992370606,56.3519325256348,0
2019-02-12 ,RKEC.NS,55.25,55.25,51.0499992370606,55,50.9762535095215,16000
2019-02-14 ,RKEC.NS,52,55,50,55,50.9762535095215,8000
2019-02-15 ,RKEC.NS,51,52,51,51.0499992370606,47.3152313232422,3000
2019-02-18 ,RKEC.NS,51.0999984741211,51.0999984741211,51,51,47.2688903808594,2000
2019-02-19 ,RKEC.NS,51.9500007629395,52,51,51,47.2688903808594,3000
2019-02-20 ,RKEC.NS,51,51,51,51,47.2688903808594,0
2019-02-21 ,RKEC.NS,51,51,51,51,47.2688903808594,0
2019-02-22 ,RKEC.NS,51,51,51,51,47.2688903808594,0
2019-02-25 ,RKEC.NS,51,51,51,51,47.2688903808594,0
2019-02-26 ,RKEC.NS,51,51,51,51,47.2688903808594,0
2019-02-27 ,RKEC.NS,51,51,51,51,47.2688903808594,0
2019-02-28 ,RKEC.NS,51,51,51,51,47.2688903808594,0
2019-03-01 ,RKEC.NS,51,54.5,51,54.0999984741211,50.1420974731445,9000
2019-03-05 ,RKEC.NS,55,55,55,55,50.9762535095215,2000
2019-03-06 ,RKEC.NS,55,55,55,55,50.9762535095215,0
2019-03-07 ,RKEC.NS,57.9000015258789,57.9000015258789,57.9000015258789,57.9000015258789,53.6640930175781,1000
2019-03-08 ,RKEC.NS,60,61.4500007629395,59.9500007629395,61.4500007629395,56.9543800354004,11000
2019-03-11 ,RKEC.NS,63.75,66,62,66,61.1715049743652,10000
2019-03-12 ,RKEC.NS,63.5,66.1999969482422,63.5,63.7000007629395,59.0397720336914,10000
2019-03-13 ,RKEC.NS,63,64.8499984741211,61.0999984741211,64,59.3178215026856,37000
2019-03-14 ,RKEC.NS,64,64,64,64,59.3178215026856,40000
2019-03-15 ,RKEC.NS,63,63.5,60,61.2999992370605,56.8153495788574,8000
2019-03-18 ,RKEC.NS,60,60,60,60,55.6104583740234,1000
2019-03-19 ,RKEC.NS,61.5,62,58,58.3499984741211,54.081169128418,25000
2019-03-20 ,RKEC.NS,58.5999984741211,58.5999984741211,57.25,57.25,53.0616493225098,2000
2019-03-22 ,RKEC.NS,57,57,55.0999984741211,55.0999984741211,51.0689392089844,5000
2019-03-25 ,RKEC.NS,53.5999984741211,54.0499992370606,53.5999984741211,54,50.0494117736816,5000
2019-03-26 ,RKEC.NS,54,54,54,54,50.0494117736816,1000
2019-03-27 ,RKEC.NS,52.0999984741211,53,50,51.5,47.732307434082,5000
2019-03-28 ,RKEC.NS,51.9000015258789,55,51.9000015258789,55,50.9762535095215,9000
2019-04-01 ,RKEC.NS,58,61.9000015258789,57.5999984741211,59.5,55.1470375061035,7000
2019-04-02 ,RKEC.NS,59.5,59.5,59.5,59.5,55.1470375061035,0
2019-04-03 ,RKEC.NS,62,62,60,60,55.6104583740234,2000
2019-04-04 ,RKEC.NS,60,60,60,60,55.6104583740234,2000
2019-04-05 ,RKEC.NS,60,61,60,60.9500007629395,56.4909591674805,5000
2019-04-08 ,RKEC.NS,60.9500007629395,60.9500007629395,60.9500007629395,60.9500007629395,56.4909591674805,0
2019-04-09 ,RKEC.NS,60,61,60,61,56.5373001098633,2000
2019-04-10 ,RKEC.NS,61,61,61,61,56.5373001098633,0
2019-04-11 ,RKEC.NS,57,62,57,62,57.4641418457031,5000
2019-04-12 ,RKEC.NS,62,62,62,62,57.4641418457031,0
2019-04-15 ,RKEC.NS,59,59,59,59,54.6836166381836,1000
2019-04-16 ,RKEC.NS,59,59,59,59,54.6836166381836,3000
2019-04-18 ,RKEC.NS,59,59,59,59,54.6836166381836,0
2019-04-22 ,RKEC.NS,60,60,60,60,55.6104583740234,1000
2019-04-23 ,RKEC.NS,59.5999984741211,60,59.5,60,55.6104583740234,4000
2019-04-24 ,RKEC.NS,60,63,60,62,57.4641418457031,3000
2019-04-25 ,RKEC.NS,63,65,62.0499992370606,63.3499984741211,58.7153739929199,13000
2019-04-26 ,RKEC.NS,63.3499984741211,63.3499984741211,63.3499984741211,63.3499984741211,58.7153739929199,0
2019-04-30 ,RKEC.NS,64.75,64.75,62,62,57.4641418457031,4000
2019-05-02 ,RKEC.NS,60,60,60,60,55.6104583740234,1000
2019-05-03 ,RKEC.NS,60,60,60,60,55.6104583740234,1000
2019-05-06 ,RKEC.NS,60.9000015258789,60.9000015258789,60,60,55.6104583740234,5000
2019-05-07 ,RKEC.NS,60,60,60,60,55.6104583740234,0
2019-05-08 ,RKEC.NS,60,60,60,60,55.6104583740234,0
2019-05-09 ,RKEC.NS,60,60,60,60,55.6104583740234,0
2019-05-10 ,RKEC.NS,60,60,60,60,55.6104583740234,0
2019-05-13 ,RKEC.NS,58.0499992370605,58.0499992370605,58,58,53.756778717041,2000
2019-05-14 ,RKEC.NS,56,56,56,56,51.9030952453613,1000
2019-05-15 ,RKEC.NS,56.9000015258789,56.9000015258789,56.9000015258789,56.9000015258789,52.7372550964356,1000
2019-05-16 ,RKEC.NS,56.9000015258789,56.9000015258789,56.9000015258789,56.9000015258789,52.7372550964356,0
2019-05-17 ,RKEC.NS,59,59,59,59,54.6836166381836,7000
2019-05-20 ,RKEC.NS,59,59,59,59,54.6836166381836,0
2019-05-21 ,RKEC.NS,62,62,61,61,56.5373001098633,7000
2019-05-22 ,RKEC.NS,62.8499984741211,62.8499984741211,62.7999992370606,62.7999992370606,58.2056159973145,2000
2019-05-23 ,RKEC.NS,60.0999984741211,60.0999984741211,58,58.5,54.2201995849609,7000
2019-05-24 ,RKEC.NS,59.5,59.7000007629395,58,59.7000007629395,55.332405090332,3000
2019-05-27 ,RKEC.NS,60,60,60,60,55.6104583740234,3000
2019-05-28 ,RKEC.NS,58.0999984741211,62.7999992370606,58,61.2999992370605,56.8153495788574,11000
2019-05-29 ,RKEC.NS,61.2999992370605,61.2999992370605,61.2999992370605,61.2999992370605,56.8153495788574,0
2019-05-30 ,RKEC.NS,64,66,63,65,60.2446632385254,32000
2019-05-31 ,RKEC.NS,68,68,64,64.3499984741211,59.6422157287598,9000
2019-06-03 ,RKEC.NS,66,66,66,66,61.1715049743652,4000
2019-06-04 ,RKEC.NS,66,66,66,66,61.1715049743652,0
2019-06-06 ,RKEC.NS,62,62,62,62,57.4641418457031,1000
2019-06-07 ,RKEC.NS,60,60,60,60,55.6104583740234,1000
2019-06-10 ,RKEC.NS,60,60,60,60,55.6104583740234,0
2019-06-11 ,RKEC.NS,60,60,60,60,55.6104583740234,0
2019-06-12 ,RKEC.NS,63.9000015258789,63.9000015258789,63.9000015258789,63.9000015258789,59.2251396179199,1000
2019-06-13 ,RKEC.NS,63.9000015258789,63.9000015258789,63.9000015258789,63.9000015258789,59.2251396179199,0
2019-06-14 ,RKEC.NS,63.9000015258789,63.9000015258789,63.9000015258789,63.9000015258789,59.2251396179199,0
2019-06-17 ,RKEC.NS,63.9000015258789,63.9000015258789,63.9000015258789,63.9000015258789,59.2251396179199,0
2019-06-18 ,RKEC.NS,60,60,57,57,52.8299369812012,2000
2019-06-19 ,RKEC.NS,57,57,57,57,52.8299369812012,0
2019-06-20 ,RKEC.NS,57,57,57,57,52.8299369812012,0
2019-06-21 ,RKEC.NS,57,57,57,57,52.8299369812012,0
2019-06-24 ,RKEC.NS,57,57,57,57,52.8299369812012,0
2019-06-25 ,RKEC.NS,55,56,54,56,51.9030952453613,4000
2019-06-26 ,RKEC.NS,56,56,56,56,51.9030952453613,1000
2019-06-27 ,RKEC.NS,56,56,56,56,51.9030952453613,0
2019-06-28 ,RKEC.NS,58,58,54.0499992370606,55,50.9762535095215,5000
2019-07-01 ,RKEC.NS,55,55,55,55,50.9762535095215,0
2019-07-02 ,RKEC.NS,56,56,56,56,51.9030952453613,2000
2019-07-03 ,RKEC.NS,53,57.9500007629395,53,57.9500007629395,53.7104377746582,8000
2019-07-04 ,RKEC.NS,53.25,57.75,53.25,57.75,53.5250663757324,2000
2019-07-05 ,RKEC.NS,58,58,48.5,49.8499984741211,46.2030220031738,8000
2019-07-08 ,RKEC.NS,51,52.9500007629395,49.9000015258789,50,46.3420486450195,10000
2019-07-09 ,RKEC.NS,48.0999984741211,48.75,46.5,47.5999984741211,44.1176300048828,8000
2019-07-10 ,RKEC.NS,47.5999984741211,47.5999984741211,47.5999984741211,47.5999984741211,44.1176300048828,0
2019-07-11 ,RKEC.NS,50,50,49,49.1500015258789,45.5542335510254,4000
2019-07-12 ,RKEC.NS,49.1500015258789,50,48.25,49.5999984741211,45.9713134765625,7000
2019-07-15 ,RKEC.NS,50,52.9500007629395,49,52.9500007629395,49.0762329101563,3000
2019-07-16 ,RKEC.NS,49.2000007629395,52.9000015258789,49.0999984741211,52.9000015258789,49.0298881530762,4000
2019-07-17 ,RKEC.NS,51.5,51.5,48.6500015258789,51.3499984741211,47.5932846069336,11000
2019-07-18 ,RKEC.NS,51.3499984741211,51.3499984741211,51.3499984741211,51.3499984741211,47.5932846069336,0
2019-07-19 ,RKEC.NS,52,52.7999992370606,50,51.2999992370605,47.5469398498535,29000
2019-07-22 ,RKEC.NS,51.2999992370605,51.2999992370605,51.2999992370605,51.2999992370605,47.5469398498535,0
2019-07-23 ,RKEC.NS,51.2999992370605,51.2999992370605,51.2999992370605,51.2999992370605,47.5469398498535,0
2019-07-24 ,RKEC.NS,51.9500007629395,52,51.9500007629395,52,48.1957321166992,2000
2019-07-25 ,RKEC.NS,52,52,52,52,48.1957321166992,0
2019-07-26 ,RKEC.NS,48,49.9500007629395,45.5499992370605,49.9500007629395,46.2957077026367,3000
2019-07-29 ,RKEC.NS,46.0999984741211,49.9500007629395,46.0999984741211,49.9500007629395,46.2957077026367,2000
2019-07-30 ,RKEC.NS,46,46,46,46,42.6346855163574,3000
2019-07-31 ,RKEC.NS,46.5,46.9500007629395,42.5499992370605,46,42.6346855163574,7000
2019-08-01 ,RKEC.NS,47,47,45.0999984741211,45.0999984741211,41.8005294799805,2000
2019-08-02 ,RKEC.NS,45.0999984741211,45.0999984741211,45.0999984741211,45.0999984741211,41.8005294799805,0
2019-08-05 ,RKEC.NS,45.0999984741211,45.0999984741211,45.0999984741211,45.0999984741211,41.8005294799805,0
2019-08-06 ,RKEC.NS,45,46,42.5,44.5,41.2444229125977,4000
2019-08-07 ,RKEC.NS,44.5,44.5,44.5,44.5,41.2444229125977,0
2019-08-08 ,RKEC.NS,44.5,44.5,44.5,44.5,41.2444229125977,0
2019-08-09 ,RKEC.NS,45.5,47,45.5,47,43.5615272521973,4000
2019-08-13 ,RKEC.NS,46,46,46,46,42.6346855163574,1000
2019-08-14 ,RKEC.NS,47,48,45,48,44.4883689880371,20000
2019-08-16 ,RKEC.NS,47,48.9500007629395,47,48,44.4883689880371,4000
2019-08-19 ,RKEC.NS,49,49.2000007629395,47.0499992370606,49.2000007629395,45.6005783081055,3000
2019-08-20 ,RKEC.NS,47,47,47,47,43.5615272521973,5000
2019-08-21 ,RKEC.NS,46,46,46,46,42.6346855163574,6000
2019-08-22 ,RKEC.NS,46,46,45.5,45.5,42.1712646484375,10000
2019-08-23 ,RKEC.NS,45.5,45.5,45.5,45.5,42.1712646484375,0
2019-08-26 ,RKEC.NS,45,45.9500007629395,42,44.2000007629395,40.9663734436035,8000
2019-08-27 ,RKEC.NS,46,48.5,46,48.5,44.951789855957,21000
2019-08-28 ,RKEC.NS,45.5999984741211,47.8499984741211,45,46,42.6346855163574,11000
2019-08-29 ,RKEC.NS,46,47.7000007629395,46,46.5,43.0981025695801,11000
2019-08-30 ,RKEC.NS,47,47.9500007629395,47,47.9000015258789,44.3956832885742,8000
2019-09-03 ,RKEC.NS,45.5999984741211,45.5999984741211,45,45.4000015258789,42.0785827636719,4000
2019-09-04 ,RKEC.NS,44.6500015258789,44.6500015258789,44.5,44.5,41.2444229125977,3000
2019-09-05 ,RKEC.NS,46,46,46,46,42.6346855163574,1000
2019-09-06 ,RKEC.NS,46,46,44,44,40.7810020446777,5000
2019-09-09 ,RKEC.NS,42.0499992370606,46,42,45,41.7078437805176,32000
2019-09-11 ,RKEC.NS,45,45,45,45,41.7078437805176,3000
2019-09-12 ,RKEC.NS,45,45,45,45,41.7078437805176,2000
2019-09-13 ,RKEC.NS,45,47,45,45,41.7078437805176,91000
2019-09-16 ,RKEC.NS,45.5,45.5,43,43.4500007629395,40.271240234375,41000
2019-09-17 ,RKEC.NS,44,45,44,44.9500007629395,41.6615028381348,10000
2019-09-18 ,RKEC.NS,44.5,45,44.25,44.7999992370606,43.4560012817383,19000
2019-09-19 ,RKEC.NS,44.5,44.75,44.5,44.5999984741211,43.2620010375977,2000
2019-09-20 ,RKEC.NS,43.5999984741211,44.8499984741211,43.5,43.5999984741211,42.2919998168945,10000
2019-09-23 ,RKEC.NS,47,52.25,47,49.7000007629395,48.2090034484863,117000
2019-09-24 ,RKEC.NS,49,49.9000015258789,46.2000007629395,46.5999984741211,45.2019996643066,40000
2019-09-25 ,RKEC.NS,55.9000015258789,55.9000015258789,50,50,48.5,10000
2019-09-26 ,RKEC.NS,50,50,49,49,47.5300025939941,8000
2019-09-27 ,RKEC.NS,49.8499984741211,49.8499984741211,47.5,47.5,46.0750007629395,9000
2019-09-30 ,RKEC.NS,47,54.9000015258789,45,46.7999992370605,45.3959999084473,24000
2019-10-01 ,RKEC.NS,48.9000015258789,49.5,47.4000015258789,47.4000015258789,45.9780044555664,5000
2019-10-03 ,RKEC.NS,45,45,45,45,43.6500015258789,2000
2019-10-04 ,RKEC.NS,45,45,45,45,43.6500015258789,0
2019-10-07 ,RKEC.NS,44.5499992370606,44.5499992370606,44.0499992370606,44.0499992370606,42.7285003662109,4000
2019-10-09 ,RKEC.NS,43.0499992370605,45.75,43.0499992370605,43.6500015258789,42.340503692627,15000
2019-10-10 ,RKEC.NS,44.8499984741211,44.8499984741211,42.5999984741211,43.1500015258789,41.8555030822754,18000
2019-10-11 ,RKEC.NS,45.7000007629395,45.7000007629395,42,43,41.7100028991699,6000
2019-10-14 ,RKEC.NS,42.5999984741211,42.7000007629395,41,41,39.7700004577637,13000
2019-10-15 ,RKEC.NS,41,41,41,41,39.7700004577637,0
2019-10-16 ,RKEC.NS,41,41,41,41,39.7700004577637,0
2019-10-17 ,RKEC.NS,40.0999984741211,42.4000015258789,35,42,40.7400016784668,30000
2019-10-18 ,RKEC.NS,42,44,41,42.4000015258789,41.128002166748,72000
2019-10-22 ,RKEC.NS,42,42.9500007629395,42,42,40.7400016784668,7000
2019-10-23 ,RKEC.NS,41.5,41.5,41.5,41.5,40.2550010681152,1000
2019-10-24 ,RKEC.NS,41,41,41,41,39.7700004577637,1000
2019-10-25 ,RKEC.NS,40,40.8499984741211,39.1500015258789,40.2999992370606,39.0909996032715,4000
2019-10-29 ,RKEC.NS,41,41,41,41,39.7700004577637,1000
2019-10-30 ,RKEC.NS,41.8499984741211,41.8499984741211,41.0499992370606,41.8499984741211,40.5945014953613,6000
2019-10-31 ,RKEC.NS,41.25,43.0999984741211,41.25,42.8499984741211,41.5644989013672,30000
2019-11-01 ,RKEC.NS,42.5,43.8499984741211,40.5,41.2999992370605,40.0610008239746,41000
2019-11-04 ,RKEC.NS,41.2000007629395,41.9000015258789,39.1500015258789,40.2999992370606,39.0909996032715,35000
2019-11-05 ,RKEC.NS,40.5,41.9500007629395,40.4000015258789,41.3499984741211,40.1095008850098,29000
2019-11-06 ,RKEC.NS,40.7000007629395,40.75,37.2999992370605,40.25,39.0424995422363,36000
2019-11-07 ,RKEC.NS,40.25,42,39.6500015258789,40.75,39.5275001525879,15000
2019-11-08 ,RKEC.NS,41.4500007629395,41.5,41.4500007629395,41.4500007629395,40.2065010070801,10000
2019-11-11 ,RKEC.NS,41.4500007629395,41.4500007629395,41.4500007629395,41.4500007629395,40.2065010070801,2000
2019-11-13 ,RKEC.NS,40.5499992370605,40.5499992370605,38.4000015258789,39.2000007629395,38.0240020751953,10000
2019-11-14 ,RKEC.NS,40.4500007629395,42,40.25,40.5,39.2849998474121,11000
2019-11-15 ,RKEC.NS,48.5999984741211,48.5999984741211,43,46.2999992370605,44.9109992980957,23000
2019-11-18 ,RKEC.NS,45.9500007629395,55.5499992370605,45.9500007629395,55.5499992370605,53.8834991455078,31000
2019-11-19 ,RKEC.NS,60,66.6500015258789,59.9000015258789,59.9000015258789,58.1030044555664,30000
2019-11-20 ,RKEC.NS,65,65,61,64.75,62.807502746582,19000
2019-11-21 ,RKEC.NS,61,64,59.0999984741211,63.25,61.3525009155273,11000
2019-11-22 ,RKEC.NS,62.4500007629395,62.4500007629395,62.4500007629395,62.4500007629395,60.5765037536621,1000
2019-11-25 ,RKEC.NS,62.4500007629395,62.4500007629395,62.25,62.4000015258789,60.528003692627,6000
2019-11-26 ,RKEC.NS,62.5,63.5,62.5,63,61.1100006103516,4000
2019-11-27 ,RKEC.NS,59,59,57,57.1500015258789,55.4355049133301,5000
2019-11-28 ,RKEC.NS,57.25,57.25,57.25,57.25,55.5325012207031,3000
2019-11-29 ,RKEC.NS,55,55.0499992370605,55,55,53.3500022888184,4000
2019-12-02 ,RKEC.NS,55,55,55,55,53.3500022888184,0
2019-12-03 ,RKEC.NS,55,55,55,55,53.3500022888184,0
2019-12-04 ,RKEC.NS,56.0999984741211,58,56.0999984741211,57.5,55.7750015258789,3000
2019-12-05 ,RKEC.NS,56,56,54,54,52.3800010681152,4000
2019-12-06 ,RKEC.NS,54,54,54,54,52.3800010681152,0
2019-12-09 ,RKEC.NS,54,54,54,54,52.3800010681152,0
2019-12-10 ,RKEC.NS,54,54,54,54,52.3800010681152,0
2019-12-11 ,RKEC.NS,54,54,54,54,52.3800010681152,0
2019-12-12 ,RKEC.NS,54,54,54,54,52.3800010681152,0
2019-12-13 ,RKEC.NS,56,57,56,57,55.2900009155273,3000
2019-12-16 ,RKEC.NS,57,57,57,57,55.2900009155273,0
2019-12-17 ,RKEC.NS,55.5999984741211,55.5999984741211,55.0999984741211,55.0999984741211,53.4469985961914,4000
2019-12-18 ,RKEC.NS,54.0999984741211,54.0999984741211,53,53,51.4099998474121,2000
2019-12-19 ,RKEC.NS,53,53,53,53,51.4099998474121,0
2019-12-20 ,RKEC.NS,52,54.9500007629395,52,54.9500007629395,53.3015022277832,2000
2019-12-23 ,RKEC.NS,52.5,54.9500007629395,50.0999984741211,51.5,49.9550018310547,10000
2019-12-24 ,RKEC.NS,51.5,51.5,51.5,51.5,49.9550018310547,0
2019-12-26 ,RKEC.NS,51.5,51.5,51.5,51.5,49.9550018310547,0
2019-12-27 ,RKEC.NS,51.5,51.5,51.5,51.5,49.9550018310547,0
2019-12-30 ,RKEC.NS,55,55,55,55,53.3500022888184,1000
2019-12-31 ,RKEC.NS,57,63.7000007629395,57,63.7000007629395,61.7890014648438,6000
2020-01-01 ,RKEC.NS,63.7000007629395,63.7000007629395,63.7000007629395,63.7000007629395,61.7890014648438,0
2020-01-02 ,RKEC.NS,60,60,60,60,58.2000007629395,1000
2020-01-03 ,RKEC.NS,58.0999984741211,60,56,57,55.2900009155273,5000
2020-01-06 ,RKEC.NS,55,57,55,57,55.2900009155273,17000
2020-01-07 ,RKEC.NS,55.0999984741211,56,52.5,55.9500007629395,54.2715034484863,11000
2020-01-08 ,RKEC.NS,54.4500007629395,54.4500007629395,51.7000007629395,53.5499992370606,51.9435005187988,3000
2020-01-09 ,RKEC.NS,56,56,54,54,52.3800010681152,6000
2020-01-10 ,RKEC.NS,54,54,54,54,52.3800010681152,0
2020-01-13 ,RKEC.NS,56,56,56,56,54.3199996948242,1000
2020-01-14 ,RKEC.NS,56,56,56,56,54.3199996948242,0
2020-01-15 ,RKEC.NS,55.5,56,54,55.25,53.5925025939941,14000
2020-01-16 ,RKEC.NS,58,58,58,58,56.2600021362305,2000
2020-01-17 ,RKEC.NS,57.0999984741211,57.0999984741211,57.0999984741211,57.0999984741211,55.3870010375977,1000
2020-01-20 ,RKEC.NS,58.5,60,58.5,59.75,57.9575004577637,3000
2020-01-21 ,RKEC.NS,57.7999992370606,58,56.0999984741211,56.0999984741211,54.4169998168945,3000
2020-01-22 ,RKEC.NS,57,57,56.0999984741211,56.0999984741211,54.4169998168945,2000
2020-01-23 ,RKEC.NS,58,60.5,58,60.5,58.685001373291,10000
2020-01-24 ,RKEC.NS,60.5,60.5,60.5,60.5,58.685001373291,2000
2020-01-27 ,RKEC.NS,60.5,60.5,60.5,60.5,58.685001373291,0
2020-01-28 ,RKEC.NS,60,60,60,60,58.2000007629395,1000
2020-01-29 ,RKEC.NS,58.5,60.5,58.5,60,58.2000007629395,5000
2020-01-30 ,RKEC.NS,60,60,60,60,58.2000007629395,0
2020-01-31 ,RKEC.NS,60,60,60,60,58.2000007629395,0
2020-02-03 ,RKEC.NS,58,58,58,58,56.2600021362305,4000
2020-02-04 ,RKEC.NS,55.0999984741211,56.75,55.0999984741211,56.5999984741211,54.9020004272461,3000
2020-02-05 ,RKEC.NS,57,57,57,57,55.2900009155273,3000
2020-02-06 ,RKEC.NS,57,57,57,57,55.2900009155273,0
2020-02-07 ,RKEC.NS,54.2000007629395,54.2000007629395,54.2000007629395,54.2000007629395,52.5740013122559,2000
2020-02-10 ,RKEC.NS,54.2000007629395,54.2000007629395,54.2000007629395,54.2000007629395,52.5740013122559,0
2020-02-11 ,RKEC.NS,55,65,54.0999984741211,58.25,56.5025024414063,7000
2020-02-12 ,RKEC.NS,61,61,54,54,52.3800010681152,10000
2020-02-13 ,RKEC.NS,54,54,54,54,52.3800010681152,0
2020-02-14 ,RKEC.NS,54,54,54,54,52.3800010681152,0
2020-02-17 ,RKEC.NS,54,55,54,54.4000015258789,52.7680015563965,6000
2020-02-18 ,RKEC.NS,51.5,57.9000015258789,48,57,55.2900009155273,19000
2020-02-19 ,RKEC.NS,54.0999984741211,54.5,53,53,51.4099998474121,13000
2020-02-20 ,RKEC.NS,52.9500007629395,54,52.9500007629395,53.25,51.6525001525879,8000
2020-02-24 ,RKEC.NS,52.25,53,52.25,53,51.4099998474121,9000
2020-02-25 ,RKEC.NS,52.0999984741211,52.0999984741211,50.0999984741211,51,49.4700012207031,12000
2020-02-26 ,RKEC.NS,50.1500015258789,52,50,51.9500007629395,50.3915023803711,6000
2020-02-27 ,RKEC.NS,50.1500015258789,50.1500015258789,50,50,48.5,5000
2020-02-28 ,RKEC.NS,50,50,48,48,46.560001373291,9000
2020-03-02 ,RKEC.NS,48,50.9500007629395,48,50.9500007629395,49.421501159668,6000
2020-03-03 ,RKEC.NS,47.4000015258789,47.5,43,46.5,45.1049995422363,31000
2020-03-04 ,RKEC.NS,45.5,45.5,43,44,42.6800003051758,18000
2020-03-05 ,RKEC.NS,43,43,41,42.3499984741211,41.0794982910156,17000
2020-03-06 ,RKEC.NS,40.75,41,39,40,38.8000030517578,61000
2020-03-09 ,RKEC.NS,41.9500007629395,42,40,41.9500007629395,40.6915016174316,25000
2020-03-11 ,RKEC.NS,40,42.5,40,42.5,41.2250022888184,26000
2020-03-12 ,RKEC.NS,41,41,38.5,38.9500007629395,37.7815017700195,29000
2020-03-13 ,RKEC.NS,33,46.5,32,39.0999984741211,37.9269981384277,41000
2020-03-16 ,RKEC.NS,39,39,37,37.5,36.375,56000
2020-03-17 ,RKEC.NS,39,39,35.5,35.5,34.435001373291,32000
2020-03-18 ,RKEC.NS,36,36,28.75,30.1000003814697,29.19700050354,78000
2020-03-19 ,RKEC.NS,30,33,27,31.9500007629394,30.9915008544922,66000
2020-03-20 ,RKEC.NS,33.0499992370605,34.9500007629395,31.9500007629394,32.7000007629395,31.7190017700195,16000
2020-03-23 ,RKEC.NS,26.25,32.9500007629395,26.2000007629394,26.2000007629394,25.4140014648438,45000
2020-03-24 ,RKEC.NS,26.2000007629394,29.5,26.2000007629394,29.4500007629394,28.5665016174316,9000
2020-03-25 ,RKEC.NS,29,29,28,28,27.1599998474121,6000
2020-03-26 ,RKEC.NS,30,30,30,30,29.1000003814697,3000
2020-03-27 ,RKEC.NS,30,32,30,30,29.1000003814697,8000
2020-03-30 ,RKEC.NS,30,30,30,30,29.1000003814697,0
2020-03-31 ,RKEC.NS,30.1000003814697,34.5,30.1000003814697,34.5,33.4650001525879,9000
2020-04-01 ,RKEC.NS,30.0499992370605,32,30.0499992370605,32,31.0400009155273,2000
2020-04-03 ,RKEC.NS,32.0999984741211,32.0999984741211,32.0999984741211,32.0999984741211,31.136999130249,1000
2020-04-07 ,RKEC.NS,32.5499992370605,33,32.5499992370605,33,32.0100021362305,2000
2020-04-08 ,RKEC.NS,33.5,33.5,33.5,33.5,32.495002746582,1000
2020-04-09 ,RKEC.NS,34.5,34.9500007629395,32,32.9500007629395,31.9615020751953,11000
2020-04-13 ,RKEC.NS,33,33,32.9500007629395,33,32.0100021362305,5000
2020-04-15 ,RKEC.NS,34,37.9500007629395,34,36.5,35.4050025939941,11000
2020-04-16 ,RKEC.NS,36.5,36.5,36.5,36.5,35.4050025939941,0
2020-04-17 ,RKEC.NS,36.5,36.5,36.5,36.5,35.4050025939941,0
2020-04-20 ,RKEC.NS,33,34,33,34,32.9799995422363,2000
2020-04-21 ,RKEC.NS,35,35,35,35,33.9500007629395,2000
2020-04-22 ,RKEC.NS,35,35,34.5,34.5,33.4650001525879,4000
2020-04-23 ,RKEC.NS,34.5,34.5,34,34,32.9799995422363,2000
2020-04-24 ,RKEC.NS,34,34,34,34,32.9799995422363,0
2020-04-27 ,RKEC.NS,40,40,40,40,38.8000030517578,1000
2020-04-28 ,RKEC.NS,40,40,38.5,39.0999984741211,37.9269981384277,5000
2020-04-29 ,RKEC.NS,39.0999984741211,39.0999984741211,39.0999984741211,39.0999984741211,37.9269981384277,0
2020-04-30 ,RKEC.NS,39.0999984741211,39.0999984741211,39.0999984741211,39.0999984741211,37.9269981384277,0
2020-05-04 ,RKEC.NS,39.0999984741211,39.0999984741211,39.0999984741211,39.0999984741211,37.9269981384277,0
2020-05-05 ,RKEC.NS,39.0999984741211,39.0999984741211,39.0999984741211,39.0999984741211,37.9269981384277,0
2020-05-06 ,RKEC.NS,39.0999984741211,39.0999984741211,39.0999984741211,39.0999984741211,37.9269981384277,0
2020-05-07 ,RKEC.NS,39.0999984741211,39.0999984741211,39.0999984741211,39.0999984741211,37.9269981384277,0
2020-05-08 ,RKEC.NS,39.0999984741211,39.0999984741211,39.0999984741211,39.0999984741211,37.9269981384277,0
2020-05-11 ,RKEC.NS,35.5,38.9500007629395,35.5,38.9500007629395,37.7815017700195,7000
2020-05-12 ,RKEC.NS,38.9500007629395,38.9500007629395,38.9500007629395,38.9500007629395,37.7815017700195,0
2020-05-13 ,RKEC.NS,34.0999984741211,34.0999984741211,34.0999984741211,34.0999984741211,33.0769996643066,1000
2020-05-14 ,RKEC.NS,35,35,34,34,32.9799995422363,3000
2020-05-15 ,RKEC.NS,34,37,34,37,35.8899993896484,3000
2020-05-18 ,RKEC.NS,33.0999984741211,34,33.0999984741211,34,32.9799995422363,2000
2020-05-19 ,RKEC.NS,34,34,34,34,32.9799995422363,0
2020-05-20 ,RKEC.NS,34,34,34,34,32.9799995422363,0
2020-05-21 ,RKEC.NS,34,34,34,34,32.9799995422363,0
2020-05-22 ,RKEC.NS,33,37.9000015258789,33,37.9000015258789,36.7630043029785,4000
2020-05-26 ,RKEC.NS,36,36,36,36,34.9200019836426,1000
2020-05-27 ,RKEC.NS,34,35.2000007629395,33.4000015258789,33.4000015258789,32.3980026245117,13000
2020-05-28 ,RKEC.NS,32.5499992370605,32.5499992370605,32.5499992370605,32.5499992370605,31.5734996795654,1000
2020-05-29 ,RKEC.NS,32.5499992370605,32.5499992370605,32.5499992370605,32.5499992370605,31.5734996795654,0
2020-06-01 ,RKEC.NS,39,39,37.4000015258789,38.4500007629394,37.296501159668,4000
2020-06-02 ,RKEC.NS,36,36,35.5,35.5,34.435001373291,2000
2020-06-03 ,RKEC.NS,35.4500007629395,35.5,35.4500007629395,35.5,34.435001373291,4000
2020-06-04 ,RKEC.NS,30.5,37,30.5,37,35.8899993896484,2000
2020-06-05 ,RKEC.NS,37,37,37,37,35.8899993896484,0
2020-06-08 ,RKEC.NS,34.1500015258789,34.75,34.1500015258789,34.5,33.4650001525879,4000
2020-06-09 ,RKEC.NS,33.4000015258789,33.4000015258789,33.4000015258789,33.4000015258789,32.3980026245117,1000
2020-06-10 ,RKEC.NS,35,36,35,36,34.9200019836426,2000
2020-06-11 ,RKEC.NS,36,36,36,36,34.9200019836426,0
2020-06-12 ,RKEC.NS,33.6500015258789,34,33.5999984741211,34,32.9799995422363,3000
2020-06-15 ,RKEC.NS,34,34,34,34,32.9799995422363,0
2020-06-16 ,RKEC.NS,34,34,34,34,32.9799995422363,1000
2020-06-17 ,RKEC.NS,34,34,34,34,32.9799995422363,0
2020-06-18 ,RKEC.NS,34,36,32.2000007629395,36,34.9200019836426,6000
2020-06-19 ,RKEC.NS,36,36,36,36,34.9200019836426,0
2020-06-22 ,RKEC.NS,36,37.25,36,37.25,36.1324996948242,2000
2020-06-23 ,RKEC.NS,35,37.2999992370605,35,37.25,36.1324996948242,3000
2020-06-24 ,RKEC.NS,36,41.9000015258789,35,41.4000015258789,40.1580009460449,44000
2020-06-25 ,RKEC.NS,39.9500007629395,41,39.9500007629395,41,39.7700004577637,9000
2020-06-26 ,RKEC.NS,41,41,40.4500007629395,40.4500007629395,39.2365036010742,3000
2020-06-29 ,RKEC.NS,40.4500007629395,44.9500007629395,37.2000007629395,40,38.8000030517578,6000
2020-06-30 ,RKEC.NS,40,41,40,40.25,39.0424995422363,4000
2020-07-01 ,RKEC.NS,41.4500007629395,44.8499984741211,41.4500007629395,43.9500007629395,42.6315002441406,12000
2020-07-02 ,RKEC.NS,43.2999992370606,43.75,43.2999992370606,43.7000007629395,42.3890037536621,3000
2020-07-03 ,RKEC.NS,43.7000007629395,43.7000007629395,43.7000007629395,43.7000007629395,42.3890037536621,0
2020-07-06 ,RKEC.NS,43.7000007629395,43.7000007629395,43.7000007629395,43.7000007629395,42.3890037536621,0
2020-07-07 ,RKEC.NS,40.0999984741211,40.0999984741211,37,38.6500015258789,37.4905014038086,13000
2020-07-08 ,RKEC.NS,40.4000015258789,45.2000007629395,40,43,41.7100028991699,14000
2020-07-09 ,RKEC.NS,43,43,43,43,41.7100028991699,0
2020-07-10 ,RKEC.NS,43,43,43,43,41.7100028991699,0
2020-07-13 ,RKEC.NS,43,43,43,43,41.7100028991699,0
2020-07-14 ,RKEC.NS,39.9000015258789,39.9000015258789,39.9000015258789,39.9000015258789,38.7030029296875,1000
2020-07-15 ,RKEC.NS,39.9000015258789,39.9000015258789,39.9000015258789,39.9000015258789,38.7030029296875,0
2020-07-16 ,RKEC.NS,40,40,38,38,36.8600006103516,9000
2020-07-17 ,RKEC.NS,38,38,38,38,36.8600006103516,0
2020-07-20 ,RKEC.NS,38.75,39.9000015258789,38.75,39.9000015258789,38.7030029296875,4000
2020-07-21 ,RKEC.NS,41,41.9000015258789,41,41.9000015258789,40.6430015563965,7000
2020-07-22 ,RKEC.NS,46,46,46,46,44.620002746582,1000
2020-07-23 ,RKEC.NS,46,46,46,46,44.620002746582,0
2020-07-24 ,RKEC.NS,40,40,39,40,38.8000030517578,15000
2020-07-27 ,RKEC.NS,40,40,40,40,38.8000030517578,0
2020-07-28 ,RKEC.NS,40,40,40,40,38.8000030517578,0
2020-07-29 ,RKEC.NS,36,38.25,36,38,36.8600006103516,6000
2020-07-30 ,RKEC.NS,39.9500007629395,40,39.9500007629395,40,38.8000030517578,5000
2020-07-31 ,RKEC.NS,45,45,38,38.0999984741211,36.9570007324219,11000
2020-08-03 ,RKEC.NS,40.2999992370606,40.2999992370606,40.2999992370606,40.2999992370606,39.0909996032715,1000
2020-08-04 ,RKEC.NS,38.5,38.5,38.5,38.5,37.3450012207031,3000
2020-08-05 ,RKEC.NS,39,39.9000015258789,39,39.9000015258789,38.7030029296875,2000
2020-08-06 ,RKEC.NS,38.5,38.5,38.5,38.5,37.3450012207031,2000
2020-08-07 ,RKEC.NS,38.5,38.5,38.5,38.5,37.3450012207031,0
2020-08-10 ,RKEC.NS,39,42.9000015258789,39,42.9000015258789,41.6130027770996,50000
2020-08-11 ,RKEC.NS,43.9000015258789,43.9000015258789,42.9000015258789,42.9000015258789,41.6130027770996,3000
2020-08-12 ,RKEC.NS,41.9000015258789,41.9000015258789,41.9000015258789,41.9000015258789,40.6430015563965,2000
2020-08-13 ,RKEC.NS,41.9000015258789,41.9000015258789,41.9000015258789,41.9000015258789,40.6430015563965,0
2020-08-14 ,RKEC.NS,38.0999984741211,38.0999984741211,38.0999984741211,38.0999984741211,36.9570007324219,1000
2020-08-17 ,RKEC.NS,38.0999984741211,38.0999984741211,38.0999984741211,38.0999984741211,36.9570007324219,0
2020-08-18 ,RKEC.NS,39,39,39,39,37.8300018310547,2000
2020-08-19 ,RKEC.NS,42.9500007629395,42.9500007629395,42.9500007629395,42.9500007629395,41.6615028381348,1000
2020-08-20 ,RKEC.NS,42.9500007629395,42.9500007629395,42.9500007629395,42.9500007629395,41.6615028381348,0
2020-08-21 ,RKEC.NS,40.5,40.5,39,40,38.8000030517578,6000
2020-08-24 ,RKEC.NS,39.2999992370605,40.5,39,39.5,38.3150024414062,5000
2020-08-25 ,RKEC.NS,40,44.6500015258789,37.0999984741211,43,41.7100028991699,25000
2020-08-26 ,RKEC.NS,41.0499992370606,42.7999992370606,39,42.4500007629395,41.1765022277832,15000
2020-08-27 ,RKEC.NS,42.4500007629395,42.4500007629395,38,38.2000007629395,37.0540008544922,27000
2020-08-28 ,RKEC.NS,40.0999984741211,40.0999984741211,38.4500007629394,40,38.8000030517578,5000
2020-08-31 ,RKEC.NS,37.0999984741211,37.0999984741211,36,36.1500015258789,35.065502166748,19000
2020-09-01 ,RKEC.NS,36.1500015258789,36.1500015258789,36.1500015258789,36.1500015258789,35.065502166748,1000
2020-09-02 ,RKEC.NS,36.9000015258789,36.9000015258789,36.9000015258789,36.9000015258789,35.7930030822754,2000
2020-09-03 ,RKEC.NS,37.8499984741211,37.8499984741211,37.8499984741211,37.8499984741211,36.7145004272461,2000
2020-09-04 ,RKEC.NS,37.8499984741211,37.8499984741211,37.8499984741211,37.8499984741211,36.7145004272461,0
2020-09-07 ,RKEC.NS,37.8499984741211,37.8499984741211,37.8499984741211,37.8499984741211,36.7145004272461,0
2020-09-08 ,RKEC.NS,36,36,36,36,34.9200019836426,4000
2020-09-09 ,RKEC.NS,36,36,36,36,34.9200019836426,1000
2020-09-10 ,RKEC.NS,34,34.0499992370605,33.5,33.75,32.7374992370605,9000
2020-09-11 ,RKEC.NS,35.5,35.5,35.5,35.5,34.435001373291,9000
2020-09-14 ,RKEC.NS,35.5,35.5,35.5,35.5,34.435001373291,0
2020-09-15 ,RKEC.NS,36.9500007629395,38,36.9500007629395,38,36.8600006103516,2000
2020-09-16 ,RKEC.NS,34.5999984741211,34.5999984741211,34,34,32.9799995422363,8000
2020-09-17 ,RKEC.NS,34.4000015258789,34.5,32.7000007629395,33.3499984741211,32.3494987487793,29000
2020-09-18 ,RKEC.NS,33.5499992370605,35,33.25,35,33.9500007629395,8000
2020-09-21 ,RKEC.NS,34,34,33,33,32.0100021362305,8000
2020-09-22 ,RKEC.NS,34,34,32.5,34,32.9799995422363,9000
2020-09-23 ,RKEC.NS,34,34,34,34,32.9799995422363,0
2020-09-24 ,RKEC.NS,32.0499992370605,33,32.0499992370605,32.5,31.5250015258789,4000
2020-09-25 ,RKEC.NS,34,38.4500007629394,34,34.75,33.7075004577637,8000
2020-09-28 ,RKEC.NS,34,38.6500015258789,34,38.6500015258789,37.4905014038086,15000
2020-09-29 ,RKEC.NS,38.5499992370605,38.5499992370605,36,36,34.9200019836426,2000
2020-09-30 ,RKEC.NS,36,36.2000007629395,36,36.2000007629395,35.1140022277832,2000
2020-10-01 ,RKEC.NS,36.2000007629395,36.2000007629395,36.2000007629395,36.2000007629395,35.1140022277832,0
2020-10-05 ,RKEC.NS,37.4000015258789,37.4000015258789,35.5999984741211,35.5999984741211,34.5319976806641,4000
2020-10-06 ,RKEC.NS,35.5999984741211,36,35.2999992370605,36,34.9200019836426,6000
2020-10-07 ,RKEC.NS,36,36,36,36,34.9200019836426,0
2020-10-08 ,RKEC.NS,34.0999984741211,35,34.0999984741211,35,33.9500007629395,3000
2020-10-09 ,RKEC.NS,34,36.5,34,36,34.9200019836426,5000
2020-10-12 ,RKEC.NS,36,36.5,35.9500007629395,36.5,35.4050025939941,6000
2020-10-13 ,RKEC.NS,36.7999992370605,37,36.7999992370605,36.7999992370605,35.6959991455078,71000
2020-10-14 ,RKEC.NS,36.5,37,35.5999984741211,35.5999984741211,34.5319976806641,3000
2020-10-15 ,RKEC.NS,35.0499992370605,35.0499992370605,35,35,33.9500007629395,2000
2020-10-16 ,RKEC.NS,37.2999992370605,37.2999992370605,35,35,33.9500007629395,4000
2020-10-19 ,RKEC.NS,35,35,35,35,33.9500007629395,0
2020-10-20 ,RKEC.NS,35,35,35,35,33.9500007629395,0
2020-10-21 ,RKEC.NS,34.5999984741211,34.5999984741211,34.5999984741211,34.5999984741211,33.5620002746582,1000
2020-10-22 ,RKEC.NS,35,35,35,35,33.9500007629395,1000
2020-10-23 ,RKEC.NS,37.4000015258789,37.4000015258789,37,37,35.8899993896484,2000
2020-10-26 ,RKEC.NS,37.5,38.2999992370605,36.9000015258789,36.9000015258789,35.7930030822754,4000
2020-10-27 ,RKEC.NS,36,36,34.25,34.25,33.2224998474121,2000
2020-10-28 ,RKEC.NS,34.25,34.25,34.25,34.25,33.2224998474121,0
2020-10-29 ,RKEC.NS,36,37.7999992370605,36,37.7999992370605,36.6660003662109,3000
2020-10-30 ,RKEC.NS,37.7999992370605,37.7999992370605,37.7999992370605,37.7999992370605,36.6660003662109,0
2020-11-02 ,RKEC.NS,37.7999992370605,37.7999992370605,37.7999992370605,37.7999992370605,36.6660003662109,0
2020-11-03 ,RKEC.NS,37.7999992370605,37.7999992370605,37.7999992370605,37.7999992370605,36.6660003662109,0
2020-11-04 ,RKEC.NS,35.0499992370605,36.1500015258789,35.0499992370605,36,34.9200019836426,4000
2020-11-05 ,RKEC.NS,33.8499984741211,36,33.8499984741211,35.5,34.435001373291,5000
2020-11-06 ,RKEC.NS,36,36,36,36,34.9200019836426,2000
2020-11-09 ,RKEC.NS,36,36,36,36,34.9200019836426,0
2020-11-10 ,RKEC.NS,34.5,34.9000015258789,34,34,32.9799995422363,7000
2020-11-11 ,RKEC.NS,34,34,34,34,32.9799995422363,0
2020-11-12 ,RKEC.NS,34,34,34,34,32.9799995422363,0
2020-11-13 ,RKEC.NS,35,35,35,35,33.9500007629395,4000
2020-11-14 ,RKEC.NS,35,35,35,35,33.9500007629395,0
2020-11-17 ,RKEC.NS,34,34.9500007629395,34,34.9500007629395,33.9015007019043,22000
2020-11-18 ,RKEC.NS,34.9500007629395,34.9500007629395,34.9500007629395,34.9500007629395,33.9015007019043,0
2020-11-19 ,RKEC.NS,34.9500007629395,37,34,37,35.8899993896484,13000
2020-11-20 ,RKEC.NS,34.0999984741211,35.9500007629395,33.4000015258789,35.25,34.1925010681152,10000
2020-11-23 ,RKEC.NS,35.25,35.25,35.2000007629395,35.25,34.1925010681152,4000
2020-11-24 ,RKEC.NS,36.5,36.5,36.5,36.5,35.4050025939941,1000
2020-11-25 ,RKEC.NS,34,34.9500007629395,32.5,34,32.9799995422363,21000
2020-11-26 ,RKEC.NS,33.2000007629395,33.2999992370605,32.4500007629395,33,32.0100021362305,10000
2020-11-27 ,RKEC.NS,34.8499984741211,35.2999992370605,33.5999984741211,35,33.9500007629395,10000
2020-12-01 ,RKEC.NS,34,36,34,35.0999984741211,34.0470008850098,13000
2020-12-02 ,RKEC.NS,34.0999984741211,35.1500015258789,33,34.9000015258789,33.8530006408691,12000
2020-12-03 ,RKEC.NS,36.0999984741211,41.8499984741211,36.0999984741211,39,37.8300018310547,10000
2020-12-04 ,RKEC.NS,36.25,38.4000015258789,35.2000007629395,36,34.9200019836426,11000
2020-12-07 ,RKEC.NS,36,36.9500007629395,35,36.9500007629395,35.8415031433105,6000
2020-12-08 ,RKEC.NS,36,36,34.8499984741211,34.8499984741211,33.804500579834,13000
2020-12-09 ,RKEC.NS,38.9500007629395,38.9500007629395,35.0999984741211,36,34.9200019836426,9000
2020-12-10 ,RKEC.NS,36.0499992370605,36.0499992370605,35.5999984741211,36,34.9200019836426,7000
2020-12-11 ,RKEC.NS,38.25,38.25,35.1500015258789,35.5,34.435001373291,11000
2020-12-14 ,RKEC.NS,35.5,37,35.5,36.9500007629395,35.8415031433105,3000
2020-12-15 ,RKEC.NS,36.9500007629395,36.9500007629395,36.9500007629395,36.9500007629395,35.8415031433105,0
2020-12-16 ,RKEC.NS,35.5999984741211,36,35.5,36,34.9200019836426,6000
2020-12-17 ,RKEC.NS,39.4000015258789,42.75,37,40,38.8000030517578,61000
2020-12-18 ,RKEC.NS,40,40,40,40,38.8000030517578,0
2020-12-21 ,RKEC.NS,40,40,40,40,38.8000030517578,0
2020-12-22 ,RKEC.NS,40,40,40,40,38.8000030517578,0
2020-12-23 ,RKEC.NS,40,40,40,40,38.8000030517578,0
2020-12-24 ,RKEC.NS,40,40,40,40,38.8000030517578,0
2020-12-28 ,RKEC.NS,40,40,40,40,38.8000030517578,0
2020-12-29 ,RKEC.NS,40,40,40,40,38.8000030517578,0
2020-12-30 ,RKEC.NS,40,40,40,40,38.8000030517578,0
2020-12-31 ,RKEC.NS,40,40,40,40,38.8000030517578,0
2021-01-01 ,RKEC.NS,40,40,40,40,38.8000030517578,0
2021-01-04 ,RKEC.NS,40,40,40,40,38.8000030517578,0
2021-01-05 ,RKEC.NS,40,40,40,40,38.8000030517578,0
2021-01-06 ,RKEC.NS,40,40,40,40,38.8000030517578,0
2021-01-07 ,RKEC.NS,40,40,40,40,38.8000030517578,0
2021-01-08 ,RKEC.NS,40,40,40,40,38.8000030517578,0
2021-01-11 ,RKEC.NS,40,40,40,40,38.8000030517578,0
2021-01-12 ,RKEC.NS,40,40,40,40,38.8000030517578,0
2021-01-13 ,RKEC.NS,40,40,40,40,38.8000030517578,0
2021-01-14 ,RKEC.NS,40,40,40,40,38.8000030517578,0
2021-01-15 ,RKEC.NS,40,40,40,40,38.8000030517578,0
2021-01-18 ,RKEC.NS,40,40,40,40,38.8000030517578,0
2021-01-19 ,RKEC.NS,40,40,40,40,38.8000030517578,0
2021-01-20 ,RKEC.NS,40,40,40,40,38.8000030517578,0
2021-01-21 ,RKEC.NS,40,40,40,40,38.8000030517578,0
2021-01-22 ,RKEC.NS,40,40,40,40,38.8000030517578,0
2021-01-25 ,RKEC.NS,40,40,40,40,38.8000030517578,0
2021-01-27 ,RKEC.NS,40,40,40,40,38.8000030517578,0
2021-01-28 ,RKEC.NS,40,40,40,40,38.8000030517578,0
2021-01-29 ,RKEC.NS,40,40,40,40,38.8000030517578,0
2021-02-01 ,RKEC.NS,40,40,40,40,38.8000030517578,0
2021-02-02 ,RKEC.NS,40,40,40,40,38.8000030517578,0
2021-02-03 ,RKEC.NS,40,40,40,40,38.8000030517578,0
2021-02-04 ,RKEC.NS,40,40,40,40,38.8000030517578,0
2021-02-05 ,RKEC.NS,40,40,40,40,38.8000030517578,0
2021-02-08 ,RKEC.NS,40,40,40,40,38.8000030517578,0
2021-02-09 ,RKEC.NS,40,40,40,40,38.8000030517578,0
2021-02-10 ,RKEC.NS,40,40,40,40,38.8000030517578,0
2021-02-11 ,RKEC.NS,40,40,40,40,38.8000030517578,0
2021-02-12 ,RKEC.NS,40,40,40,40,38.8000030517578,0
2021-02-15 ,RKEC.NS,40,40,40,40,38.8000030517578,0
2021-02-16 ,RKEC.NS,40,40,40,40,38.8000030517578,0
2021-02-17 ,RKEC.NS,40,40,40,40,38.8000030517578,0
2021-02-18 ,RKEC.NS,40,40,40,40,38.8000030517578,0
2021-02-19 ,RKEC.NS,40,40,40,40,38.8000030517578,0
2021-02-22 ,RKEC.NS,40,40,40,40,38.8000030517578,0
2021-02-23 ,RKEC.NS,40,40,40,40,38.8000030517578,0
2021-02-24 ,RKEC.NS,40,40,40,40,38.8000030517578,0
2021-02-25 ,RKEC.NS,40,40,40,40,38.8000030517578,0
2021-02-26 ,RKEC.NS,40,40,40,40,38.8000030517578,0
2021-03-01 ,RKEC.NS,40,40,40,40,38.8000030517578,0
2021-03-02 ,RKEC.NS,40,40,40,40,38.8000030517578,0
2021-03-03 ,RKEC.NS,40,40,40,40,38.8000030517578,0
2021-03-04 ,RKEC.NS,40,40,40,40,38.8000030517578,0
2021-03-05 ,RKEC.NS,40,40,40,40,38.8000030517578,0
2021-03-08 ,RKEC.NS,40,40,40,40,38.8000030517578,0
2021-03-09 ,RKEC.NS,40,40,40,40,38.8000030517578,0
2021-03-10 ,RKEC.NS,40,40,40,40,38.8000030517578,0
2021-03-12 ,RKEC.NS,40,40,40,40,38.8000030517578,0
2021-03-15 ,RKEC.NS,40,40,40,40,38.8000030517578,0
2021-03-16 ,RKEC.NS,40,40,40,40,38.8000030517578,0
2021-03-17 ,RKEC.NS,40,40,40,40,38.8000030517578,0
2021-03-18 ,RKEC.NS,40,40,40,40,38.8000030517578,0
2021-03-19 ,RKEC.NS,40,40,40,40,38.8000030517578,0
2021-03-22 ,RKEC.NS,40,40,40,40,38.8000030517578,0
2021-03-23 ,RKEC.NS,40,40,40,40,38.8000030517578,0
2021-03-24 ,RKEC.NS,40,40,40,40,38.8000030517578,0
2021-03-25 ,RKEC.NS,40,40,40,40,38.8000030517578,0
2021-03-26 ,RKEC.NS,40,40,40,40,38.8000030517578,0
2021-03-30 ,RKEC.NS,40,40,40,40,38.8000030517578,0
2021-03-31 ,RKEC.NS,40,40,40,40,38.8000030517578,0
2021-04-01 ,RKEC.NS,40,40,40,40,38.8000030517578,0
2021-04-05 ,RKEC.NS,40,40,40,40,38.8000030517578,0
2021-04-06 ,RKEC.NS,40,40,40,40,38.8000030517578,0
2021-04-07 ,RKEC.NS,40,40,40,40,38.8000030517578,0
2021-04-08 ,RKEC.NS,40,40,40,40,38.8000030517578,0
2021-04-09 ,RKEC.NS,40,40,40,40,38.8000030517578,0
2021-04-12 ,RKEC.NS,40,40,40,40,38.8000030517578,0
2021-04-13 ,RKEC.NS,40,40,40,40,38.8000030517578,0
2021-04-15 ,RKEC.NS,40,40,40,40,38.8000030517578,0
2021-04-16 ,RKEC.NS,40,40,40,40,38.8000030517578,0
2021-04-19 ,RKEC.NS,40,40,40,40,38.8000030517578,0
2021-04-20 ,RKEC.NS,40,40,40,40,38.8000030517578,0
2021-04-22 ,RKEC.NS,40,40,40,40,38.8000030517578,0
2021-04-23 ,RKEC.NS,40,40,40,40,38.8000030517578,0
2021-04-26 ,RKEC.NS,40,40,40,40,38.8000030517578,0
2021-04-27 ,RKEC.NS,40,40,40,40,38.8000030517578,0
2021-04-28 ,RKEC.NS,40,40,40,40,38.8000030517578,0
2021-04-29 ,RKEC.NS,40,40,40,40,38.8000030517578,0
2021-04-30 ,RKEC.NS,40,40,40,40,38.8000030517578,0
2021-05-03 ,RKEC.NS,40,40,40,40,38.8000030517578,0
2021-05-04 ,RKEC.NS,40,40,40,40,38.8000030517578,0
2021-05-05 ,RKEC.NS,40,40,40,40,38.8000030517578,0
2021-05-06 ,RKEC.NS,40,40,40,40,38.8000030517578,0
2021-05-07 ,RKEC.NS,40,40,40,40,38.8000030517578,0
2021-05-10 ,RKEC.NS,40,40,40,40,38.8000030517578,0
2021-05-11 ,RKEC.NS,40,40,40,40,38.8000030517578,0
2021-05-12 ,RKEC.NS,40,40,40,40,38.8000030517578,0
2021-05-14 ,RKEC.NS,40,40,40,40,38.8000030517578,0
2021-05-17 ,RKEC.NS,40,40,40,40,38.8000030517578,0
2021-05-18 ,RKEC.NS,40,40,40,40,38.8000030517578,0
2021-05-19 ,RKEC.NS,40,40,40,40,38.8000030517578,0
2021-05-20 ,RKEC.NS,40,40,40,40,38.8000030517578,0
2021-05-21 ,RKEC.NS,40,40,40,40,38.8000030517578,0
2021-05-24 ,RKEC.NS,40,40,40,40,38.8000030517578,0
2021-05-25 ,RKEC.NS,40,40,40,40,38.8000030517578,0
2021-05-26 ,RKEC.NS,40,40,40,40,38.8000030517578,0
2021-05-27 ,RKEC.NS,40,40,40,40,38.8000030517578,0
2021-05-28 ,RKEC.NS,40,40,40,40,38.8000030517578,0
2021-05-31 ,RKEC.NS,40,40,40,40,38.8000030517578,0
2021-06-01 ,RKEC.NS,40,40,40,40,38.8000030517578,0
2021-06-02 ,RKEC.NS,40,40,40,40,38.8000030517578,0
2021-06-03 ,RKEC.NS,40,40,40,40,38.8000030517578,0
2021-06-04 ,RKEC.NS,40,40,40,40,38.8000030517578,0
2021-06-07 ,RKEC.NS,40,40,40,40,38.8000030517578,0
2021-06-08 ,RKEC.NS,40,40,40,40,38.8000030517578,0
2021-06-09 ,RKEC.NS,40,40,40,40,38.8000030517578,0
2021-06-10 ,RKEC.NS,40,40,40,40,38.8000030517578,0
2021-06-11 ,RKEC.NS,40,40,40,40,38.8000030517578,0
2021-06-14 ,RKEC.NS,40,40,40,40,38.8000030517578,0
2021-06-15 ,RKEC.NS,40,40,40,40,38.8000030517578,0
2021-06-16 ,RKEC.NS,40,40,40,40,38.8000030517578,0
2021-06-17 ,RKEC.NS,40,40,40,40,38.8000030517578,0
2021-06-18 ,RKEC.NS,40,40,40,40,38.8000030517578,0
2021-06-21 ,RKEC.NS,40,40,40,40,38.8000030517578,0
2021-06-22 ,RKEC.NS,40,40,40,40,38.8000030517578,0
2021-06-23 ,RKEC.NS,40,40,40,40,38.8000030517578,0
2021-06-24 ,RKEC.NS,40,40,40,40,38.8000030517578,0
2021-06-25 ,RKEC.NS,40,40,40,40,38.8000030517578,0
2021-06-28 ,RKEC.NS,40,40,40,40,38.8000030517578,0
2021-06-29 ,RKEC.NS,40,40,40,40,38.8000030517578,0
2021-06-30 ,RKEC.NS,40,40,40,40,38.8000030517578,0
2021-07-01 ,RKEC.NS,40,40,40,40,38.8000030517578,0
2021-07-02 ,RKEC.NS,40,40,40,40,38.8000030517578,0
2021-07-05 ,RKEC.NS,40,40,40,40,38.8000030517578,0
2021-07-06 ,RKEC.NS,40,40,40,40,38.8000030517578,0
2021-07-07 ,RKEC.NS,40,40,40,40,38.8000030517578,0
2021-07-08 ,RKEC.NS,40,40,40,40,38.8000030517578,0
2021-07-09 ,RKEC.NS,40,40,40,40,38.8000030517578,0
2021-07-12 ,RKEC.NS,40,40,40,40,38.8000030517578,0
2021-07-13 ,RKEC.NS,40,40,40,40,38.8000030517578,0
2021-07-14 ,RKEC.NS,40,40,40,40,38.8000030517578,0
2021-07-15 ,RKEC.NS,40,40,40,40,38.8000030517578,0
2021-07-16 ,RKEC.NS,40,40,40,40,38.8000030517578,0
2021-07-19 ,RKEC.NS,40,40,40,40,38.8000030517578,0
2021-07-20 ,RKEC.NS,40,40,40,40,38.8000030517578,0
2021-07-22 ,RKEC.NS,40,40,40,40,38.8000030517578,0
2021-07-23 ,RKEC.NS,40,40,40,40,38.8000030517578,0
2021-07-26 ,RKEC.NS,40,40,40,40,38.8000030517578,0
2021-07-27 ,RKEC.NS,40,40,40,40,38.8000030517578,0
2021-07-28 ,RKEC.NS,40,40,40,40,38.8000030517578,0
2021-07-29 ,RKEC.NS,40,40,40,40,38.8000030517578,0
2021-07-30 ,RKEC.NS,40,40,40,40,38.8000030517578,0
2021-08-02 ,RKEC.NS,40,40,40,40,38.8000030517578,0
2021-08-03 ,RKEC.NS,40,40,40,40,38.8000030517578,0
2021-08-04 ,RKEC.NS,40,40,40,40,38.8000030517578,0
2021-08-05 ,RKEC.NS,40,40,40,40,38.8000030517578,0
2021-08-06 ,RKEC.NS,40,40,40,40,38.8000030517578,0
2021-08-09 ,RKEC.NS,40,40,40,40,38.8000030517578,0
2021-08-10 ,RKEC.NS,40,40,40,40,38.8000030517578,0
2021-08-11 ,RKEC.NS,40,40,40,40,38.8000030517578,0
2021-08-12 ,RKEC.NS,40,40,40,40,38.8000030517578,0
2021-08-13 ,RKEC.NS,40,40,40,40,38.8000030517578,0
2021-08-16 ,RKEC.NS,40,40,40,40,38.8000030517578,0
2021-08-17 ,RKEC.NS,40,40,40,40,38.8000030517578,0
2021-08-18 ,RKEC.NS,40,40,40,40,38.8000030517578,0
2021-08-20 ,RKEC.NS,40,40,40,40,38.8000030517578,0
2021-08-23 ,RKEC.NS,40,40,40,40,38.8000030517578,0
2021-08-24 ,RKEC.NS,40,40,40,40,38.8000030517578,0
2021-08-25 ,RKEC.NS,40,40,40,40,38.8000030517578,0
2021-08-26 ,RKEC.NS,40,40,40,40,38.8000030517578,0
2021-08-27 ,RKEC.NS,40,40,40,40,38.8000030517578,0
2021-08-30 ,RKEC.NS,40,40,40,40,38.8000030517578,0
2021-08-31 ,RKEC.NS,40,40,40,40,38.8000030517578,0
2021-09-01 ,RKEC.NS,40,40,40,40,38.8000030517578,0
2021-09-02 ,RKEC.NS,40,40,40,40,38.8000030517578,0
2021-09-03 ,RKEC.NS,40,40,40,40,38.8000030517578,0
2021-09-06 ,RKEC.NS,40,40,40,40,38.8000030517578,0
2021-09-07 ,RKEC.NS,40,40,40,40,38.8000030517578,0
2021-09-08 ,RKEC.NS,40,40,40,40,38.8000030517578,0
2021-09-09 ,RKEC.NS,40,40,40,40,38.8000030517578,0
2021-09-13 ,RKEC.NS,40,40,40,40,38.8000030517578,0
2021-09-14 ,RKEC.NS,40,40,40,40,38.8000030517578,0
2021-09-15 ,RKEC.NS,40,40,40,40,38.8000030517578,0
2021-09-16 ,RKEC.NS,40,40,40,40,40,0
2021-09-17 ,RKEC.NS,40,40,40,40,40,0
2021-09-20 ,RKEC.NS,40,40,40,40,40,0
2021-09-21 ,RKEC.NS,40,40,40,40,40,0
2021-09-22 ,RKEC.NS,40,40,40,40,40,0
2021-09-23 ,RKEC.NS,40,40,40,40,40,0
2021-09-24 ,RKEC.NS,40,40,40,40,40,0
2021-09-27 ,RKEC.NS,40,40,40,40,40,0
2021-09-28 ,RKEC.NS,40,40,40,40,40,0
2021-09-29 ,RKEC.NS,40,40,40,40,40,0
2021-09-30 ,RKEC.NS,40,40,40,40,40,0
2021-10-01 ,RKEC.NS,40,40,40,40,40,0
2021-10-04 ,RKEC.NS,40,40,40,40,40,0
2021-10-05 ,RKEC.NS,40,40,40,40,40,0
2021-10-06 ,RKEC.NS,40,40,40,40,40,0
